Date,Open,High,Low,Close,Adj Close,Volume
3/18/2015,0.711,0.719,0.711,0.719,0.719,19700
3/19/2015,0.72,0.72,0.72,0.72,0.72,0
3/20/2015,0.725,0.725,0.725,0.725,0.725,200
3/23/2015,0.73,0.73,0.73,0.73,0.73,0
3/24/2015,0.73,0.73,0.73,0.73,0.73,0
3/25/2015,0.73,0.73,0.73,0.73,0.73,0
3/26/2015,0.73,0.73,0.73,0.73,0.73,0
3/27/2015,0.73,0.73,0.73,0.73,0.73,0
3/30/2015,0.73,0.73,0.73,0.73,0.73,0
3/31/2015,0.73,0.73,0.73,0.73,0.73,0
4/1/2015,0.73,0.73,0.73,0.73,0.73,0
4/2/2015,0.73,0.73,0.73,0.73,0.73,0
4/6/2015,0.73,0.73,0.73,0.73,0.73,0
4/7/2015,0.73,0.73,0.73,0.73,0.73,0
4/8/2015,0.95,0.95,0.95,0.95,0.95,50000
4/9/2015,0.95,0.95,0.95,0.95,0.95,0
4/10/2015,0.95,0.95,0.95,0.95,0.95,0
4/13/2015,0.95,0.95,0.95,0.95,0.95,0
4/14/2015,0.95,0.95,0.95,0.95,0.95,0
4/15/2015,0.95,0.95,0.95,0.95,0.95,0
4/16/2015,0.95,0.95,0.95,0.95,0.95,0
4/17/2015,0.95,0.95,0.95,0.95,0.95,0
4/20/2015,0.95,0.95,0.95,0.95,0.95,0
4/21/2015,0.95,0.95,0.95,0.95,0.95,0
4/22/2015,0.95,0.95,0.95,0.95,0.95,0
4/23/2015,0.95,0.95,0.95,0.95,0.95,0
4/24/2015,0.95,0.95,0.95,0.95,0.95,0
4/27/2015,0.95,0.95,0.95,0.95,0.95,0
4/28/2015,0.95,0.95,0.95,0.95,0.95,0
4/29/2015,0.95,0.95,0.95,0.95,0.95,0
4/30/2015,0.95,0.95,0.95,0.95,0.95,0
5/1/2015,0.95,0.95,0.95,0.95,0.95,0
5/4/2015,0.95,0.95,0.95,0.95,0.95,0
5/5/2015,0.95,0.95,0.95,0.95,0.95,0
5/6/2015,0.855,0.855,0.855,0.855,0.855,1000
5/7/2015,0.85,0.85,0.85,0.85,0.85,0
5/8/2015,0.831,0.831,0.831,0.831,0.831,1200
5/11/2015,0.83,0.83,0.83,0.83,0.83,0
5/12/2015,0.83,0.83,0.83,0.83,0.83,0
5/13/2015,0.83,0.83,0.83,0.83,0.83,0
5/14/2015,0.83,0.83,0.83,0.83,0.83,0
5/15/2015,0.83,0.83,0.83,0.83,0.83,0
5/18/2015,0.83,0.83,0.83,0.83,0.83,0
5/19/2015,0.83,0.83,0.83,0.83,0.83,0
5/20/2015,0.83,0.83,0.83,0.83,0.83,0
5/21/2015,0.83,0.83,0.83,0.83,0.83,0
5/22/2015,0.83,0.83,0.83,0.83,0.83,0
5/26/2015,0.83,0.83,0.83,0.83,0.83,0
5/27/2015,0.83,0.83,0.83,0.83,0.83,0
5/28/2015,0.83,0.83,0.83,0.83,0.83,0
5/29/2015,0.83,0.83,0.83,0.83,0.83,0
6/1/2015,0.83,0.83,0.83,0.83,0.83,0
6/2/2015,0.83,0.83,0.83,0.83,0.83,0
6/3/2015,0.83,0.83,0.83,0.83,0.83,0
6/4/2015,0.83,0.83,0.83,0.83,0.83,0
6/5/2015,0.83,0.83,0.83,0.83,0.83,0
6/8/2015,0.83,0.83,0.83,0.83,0.83,0
6/9/2015,0.83,0.83,0.83,0.83,0.83,0
6/10/2015,0.83,0.83,0.83,0.83,0.83,0
6/11/2015,0.83,0.83,0.83,0.83,0.83,0
6/12/2015,0.83,0.83,0.83,0.83,0.83,0
6/15/2015,0.83,0.83,0.83,0.83,0.83,0
6/16/2015,0.83,0.83,0.83,0.83,0.83,0
6/17/2015,0.83,0.83,0.83,0.83,0.83,0
6/18/2015,0.83,0.83,0.83,0.83,0.83,0
6/19/2015,0.83,0.83,0.83,0.83,0.83,0
6/22/2015,0.83,0.83,0.83,0.83,0.83,0
6/23/2015,0.83,0.83,0.83,0.83,0.83,0
6/24/2015,0.83,0.83,0.83,0.83,0.83,0
6/25/2015,0.83,0.83,0.83,0.83,0.83,0
6/26/2015,0.83,0.83,0.83,0.83,0.83,0
6/29/2015,0.83,0.83,0.83,0.83,0.83,0
6/30/2015,0.83,0.83,0.83,0.83,0.83,0
7/1/2015,0.83,0.83,0.83,0.83,0.83,0
7/2/2015,0.83,0.83,0.83,0.83,0.83,0
7/6/2015,0.83,0.83,0.83,0.83,0.83,0
7/7/2015,0.83,0.83,0.83,0.83,0.83,0
7/8/2015,0.83,0.83,0.83,0.83,0.83,0
7/9/2015,0.83,0.83,0.83,0.83,0.83,0
7/10/2015,0.83,0.83,0.83,0.83,0.83,0
7/13/2015,0.83,0.83,0.83,0.83,0.83,0
7/14/2015,0.83,0.83,0.83,0.83,0.83,0
7/15/2015,0.83,0.83,0.83,0.83,0.83,0
7/16/2015,0.83,0.83,0.83,0.83,0.83,0
7/17/2015,0.83,0.83,0.83,0.83,0.83,0
7/20/2015,0.83,0.83,0.83,0.83,0.83,0
7/21/2015,0.83,0.83,0.83,0.83,0.83,0
7/22/2015,0.83,0.83,0.83,0.83,0.83,0
7/23/2015,0.83,0.83,0.83,0.83,0.83,0
7/24/2015,0.83,0.83,0.83,0.83,0.83,0
7/27/2015,0.83,0.83,0.83,0.83,0.83,0
7/28/2015,0.83,0.83,0.83,0.83,0.83,0
7/29/2015,0.83,0.83,0.83,0.83,0.83,0
7/30/2015,0.65,0.65,0.65,0.65,0.65,100
7/31/2015,0.65,0.65,0.65,0.65,0.65,0
8/3/2015,0.65,0.65,0.65,0.65,0.65,0
8/4/2015,0.65,0.65,0.65,0.65,0.65,0
8/5/2015,0.65,0.65,0.65,0.65,0.65,0
8/6/2015,0.65,0.65,0.65,0.65,0.65,0
8/7/2015,0.65,0.65,0.65,0.65,0.65,0
8/10/2015,0.65,0.65,0.65,0.65,0.65,0
8/11/2015,0.65,0.65,0.65,0.65,0.65,0
8/12/2015,0.65,0.65,0.65,0.65,0.65,0
8/13/2015,0.65,0.65,0.65,0.65,0.65,0
8/14/2015,0.65,0.65,0.65,0.65,0.65,0
8/17/2015,0.65,0.65,0.65,0.65,0.65,0
8/18/2015,0.65,0.65,0.65,0.65,0.65,0
8/19/2015,0.65,0.65,0.65,0.65,0.65,0
8/20/2015,0.65,0.65,0.65,0.65,0.65,0
8/21/2015,0.65,0.65,0.65,0.65,0.65,0
8/24/2015,0.65,0.65,0.65,0.65,0.65,0
8/25/2015,0.65,0.65,0.65,0.65,0.65,0
8/26/2015,0.65,0.65,0.65,0.65,0.65,0
8/27/2015,0.65,0.65,0.65,0.65,0.65,0
8/28/2015,0.65,0.65,0.65,0.65,0.65,0
8/31/2015,0.65,0.65,0.65,0.65,0.65,0
9/1/2015,0.65,0.65,0.65,0.65,0.65,0
9/2/2015,0.65,0.65,0.65,0.65,0.65,0
9/3/2015,0.65,0.65,0.65,0.65,0.65,0
9/4/2015,0.65,0.65,0.65,0.65,0.65,0
9/8/2015,0.65,0.65,0.65,0.65,0.65,0
9/9/2015,0.65,0.65,0.65,0.65,0.65,0
9/10/2015,0.65,0.65,0.65,0.65,0.65,0
9/11/2015,0.65,0.65,0.65,0.65,0.65,0
9/14/2015,0.65,0.65,0.65,0.65,0.65,0
9/15/2015,0.65,0.65,0.65,0.65,0.65,0
9/16/2015,0.65,0.65,0.65,0.65,0.65,0
9/17/2015,0.65,0.65,0.65,0.65,0.65,0
9/18/2015,0.65,0.65,0.65,0.65,0.65,0
9/21/2015,0.65,0.65,0.65,0.65,0.65,0
9/22/2015,0.65,0.65,0.65,0.65,0.65,0
9/23/2015,0.65,0.65,0.65,0.65,0.65,0
9/24/2015,0.65,0.65,0.65,0.65,0.65,0
9/25/2015,0.65,0.65,0.65,0.65,0.65,0
9/28/2015,0.65,0.65,0.65,0.65,0.65,0
9/29/2015,0.65,0.65,0.65,0.65,0.65,0
9/30/2015,0.65,0.65,0.65,0.65,0.65,0
10/1/2015,0.65,0.65,0.65,0.65,0.65,0
10/2/2015,0.65,0.65,0.65,0.65,0.65,0
10/5/2015,0.65,0.65,0.65,0.65,0.65,0
10/6/2015,0.65,0.65,0.65,0.65,0.65,0
10/7/2015,0.65,0.65,0.65,0.65,0.65,0
10/8/2015,0.65,0.65,0.65,0.65,0.65,0
10/9/2015,0.65,0.65,0.65,0.65,0.65,0
10/12/2015,0.65,0.65,0.65,0.65,0.65,0
10/13/2015,0.65,0.65,0.65,0.65,0.65,0
10/14/2015,0.65,0.65,0.65,0.65,0.65,0
10/15/2015,0.65,0.65,0.65,0.65,0.65,0
10/16/2015,0.65,0.65,0.65,0.65,0.65,0
10/19/2015,0.709,0.709,0.709,0.709,0.709,23800
10/20/2015,0.773,0.775,0.773,0.775,0.775,2800
10/21/2015,0.812,0.812,0.765,0.765,0.765,1700
10/22/2015,0.918,0.919,0.91,0.919,0.919,5500
10/23/2015,0.927,0.929,0.92,0.929,0.929,1600
10/26/2015,0.923,0.923,0.923,0.923,0.923,500
10/27/2015,0.921,0.921,0.877,0.877,0.877,11600
10/28/2015,0.888,0.888,0.888,0.888,0.888,5000
10/29/2015,0.89,0.89,0.89,0.89,0.89,0
10/30/2015,0.884,0.884,0.884,0.884,0.884,200
11/2/2015,0.949,0.949,0.949,0.949,0.949,2600
11/3/2015,0.945,1.049,0.945,1.049,1.049,2300
11/4/2015,1.187,1.187,1.144,1.144,1.144,2500
11/5/2015,1.165,1.165,1.021,1.059,1.059,60000
11/6/2015,1.044,1.044,0.935,0.975,0.975,17300
11/9/2015,1.02,1.082,1.02,1.082,1.082,1700
11/10/2015,1.087,1.087,1.087,1.087,1.087,1000
11/11/2015,1.09,1.09,1.09,1.09,1.09,0
11/12/2015,1.035,1.035,1.018,1.019,1.019,5500
11/13/2015,1.015,1.015,1.015,1.015,1.015,3500
11/16/2015,1.02,1.02,1.02,1.02,1.02,0
11/17/2015,1.11,1.123,1.11,1.114,1.114,2300
11/18/2015,1.11,1.11,1.11,1.11,1.11,2200
11/19/2015,1.098,1.098,0.944,0.973,0.973,46300
11/20/2015,0.972,0.972,0.957,0.957,0.957,4200
11/23/2015,0.96,0.96,0.96,0.96,0.96,0
11/24/2015,0.96,0.96,0.96,0.96,0.96,0
11/25/2015,0.96,0.96,0.96,0.96,0.96,0
11/27/2015,0.96,0.96,0.96,0.96,0.96,0
11/30/2015,0.96,0.96,0.96,0.96,0.96,0
12/1/2015,0.96,0.96,0.96,0.96,0.96,0
12/2/2015,0.969,0.969,0.96,0.961,0.961,3500
12/3/2015,0.974,0.974,0.974,0.974,0.974,200
12/4/2015,0.967,0.969,0.944,0.968,0.968,10200
12/7/2015,0.958,0.958,0.95,0.95,0.95,51800
12/8/2015,0.93,0.94,0.93,0.94,0.94,800
12/9/2015,0.933,0.933,0.933,0.933,0.933,300
12/10/2015,0.93,0.93,0.93,0.93,0.93,4100
12/11/2015,0.898,0.898,0.898,0.898,0.898,200
12/14/2015,0.9,0.9,0.9,0.9,0.9,0
12/15/2015,0.9,0.9,0.9,0.9,0.9,0
12/16/2015,0.9,0.9,0.9,0.9,0.9,0
12/17/2015,0.878,0.88,0.876,0.879,0.879,21300
12/18/2015,0.873,0.873,0.873,0.873,0.873,20000
12/21/2015,0.864,0.864,0.864,0.864,0.864,100
12/22/2015,0.877,0.877,0.877,0.877,0.877,400
12/23/2015,0.88,0.88,0.88,0.88,0.88,0
12/24/2015,0.88,0.88,0.88,0.88,0.88,0
12/28/2015,0.88,0.88,0.88,0.88,0.88,0
12/29/2015,0.928,0.928,0.911,0.914,0.914,4100
12/30/2015,0.894,0.9,0.894,0.898,0.898,6800
12/31/2015,0.897,0.916,0.897,0.916,0.916,2200
1/4/2016,0.926,0.926,0.888,0.894,0.894,9800
1/5/2016,0.89,0.89,0.89,0.89,0.89,0
1/6/2016,0.888,0.888,0.878,0.882,0.882,2800
1/7/2016,0.81,0.813,0.79,0.798,0.798,6400
1/8/2016,0.855,0.855,0.855,0.855,0.855,300
1/11/2016,0.85,0.85,0.85,0.85,0.85,0
1/12/2016,0.85,0.85,0.85,0.85,0.85,0
1/13/2016,0.855,0.855,0.846,0.852,0.852,23200
1/14/2016,0.852,0.852,0.85,0.85,0.85,3500
1/15/2016,0.85,0.85,0.85,0.85,0.85,0
1/19/2016,0.84,0.84,0.84,0.84,0.84,1500
1/20/2016,0.827,0.827,0.827,0.827,0.827,100
1/21/2016,0.845,0.845,0.841,0.841,0.841,3100
1/22/2016,0.844,0.844,0.843,0.843,0.843,3000
1/25/2016,0.84,0.84,0.84,0.84,0.84,0
1/26/2016,0.835,0.835,0.835,0.835,0.835,900
1/27/2016,0.84,0.84,0.84,0.84,0.84,0
1/28/2016,0.84,0.84,0.84,0.84,0.84,0
1/29/2016,0.84,0.84,0.84,0.84,0.84,0
2/1/2016,0.854,0.861,0.854,0.861,0.861,600
2/2/2016,0.86,0.86,0.86,0.86,0.86,0
2/3/2016,0.84,0.84,0.81,0.815,0.815,103000
2/4/2016,0.81,0.81,0.81,0.81,0.81,30000
2/5/2016,0.837,0.837,0.785,0.785,0.785,22000
2/8/2016,0.79,0.79,0.79,0.79,0.79,0
2/9/2016,0.776,0.776,0.776,0.776,0.776,2100
2/10/2016,0.78,0.78,0.78,0.78,0.78,0
2/11/2016,0.769,0.769,0.769,0.769,0.769,700
2/12/2016,0.793,0.793,0.778,0.778,0.778,3100
2/16/2016,0.78,0.78,0.78,0.78,0.78,0
2/17/2016,0.813,0.85,0.813,0.85,0.85,1600
2/18/2016,0.851,0.858,0.85,0.855,0.855,2800
2/19/2016,0.86,0.86,0.86,0.86,0.86,0
2/22/2016,0.864,0.89,0.864,0.89,0.89,2000
2/23/2016,0.889,0.891,0.889,0.891,0.891,800
2/24/2016,0.965,0.965,0.835,0.846,0.846,16600
2/25/2016,0.842,0.842,0.785,0.785,0.785,9300
2/26/2016,0.813,0.818,0.813,0.818,0.818,300
2/29/2016,0.82,0.82,0.82,0.82,0.82,0
3/1/2016,0.893,0.893,0.89,0.89,0.89,700
3/2/2016,0.89,0.89,0.89,0.89,0.89,0
3/3/2016,0.887,0.887,0.887,0.887,0.887,3000
3/4/2016,0.868,0.868,0.868,0.868,0.868,600
3/7/2016,0.87,0.87,0.87,0.87,0.87,0
3/8/2016,0.87,0.87,0.87,0.87,0.87,0
3/9/2016,0.87,0.87,0.87,0.87,0.87,0
3/10/2016,0.907,0.907,0.894,0.902,0.902,5500
3/11/2016,0.95,0.95,0.95,0.95,0.95,1200
3/14/2016,0.95,0.95,0.95,0.95,0.95,0
3/15/2016,0.942,0.942,0.942,0.942,0.942,500
3/16/2016,0.931,0.931,0.923,0.923,0.923,11000
3/17/2016,0.92,0.92,0.92,0.92,0.92,0
3/18/2016,0.92,0.92,0.92,0.92,0.92,0
3/21/2016,1.014,1.022,1.014,1.015,1.015,10200
3/22/2016,1.01,1.01,1.01,1.01,1.01,0
3/23/2016,1.01,1.01,1.01,1.01,1.01,0
3/24/2016,1.01,1.01,1.01,1.01,1.01,0
3/28/2016,0.983,0.983,0.983,0.983,0.983,2300
3/29/2016,0.977,0.977,0.977,0.977,0.977,1200
3/30/2016,0.984,0.984,0.984,0.984,0.984,40000
3/31/2016,1.05,1.05,1.05,1.05,1.05,50000
4/1/2016,1.036,1.039,1.017,1.039,1.039,159200
4/4/2016,1.023,1.045,1.022,1.045,1.045,48000
4/5/2016,1.022,1.022,1.022,1.022,1.022,700
4/6/2016,1.01,1.01,0.996,0.996,0.996,18000
4/7/2016,0.993,1.016,0.993,1.007,1.007,9100
4/8/2016,1.042,1.087,1.042,1.087,1.087,150200
4/11/2016,1.101,1.101,1.091,1.091,1.091,10000
4/12/2016,1.14,1.14,1.14,1.14,1.14,5000
4/13/2016,1.153,1.19,1.144,1.181,1.181,38600
4/14/2016,1.206,1.24,1.204,1.24,1.24,15100
4/15/2016,1.25,1.25,1.201,1.201,1.201,8000
4/18/2016,0.8,1.2,0.8,1.168,1.168,93400
4/19/2016,1.166,1.229,1.166,1.227,1.227,24100
4/20/2016,1.233,1.3,1.17,1.283,1.283,50100
4/21/2016,1.357,1.382,1.326,1.333,1.333,93100
4/22/2016,1.355,1.355,1.28,1.28,1.28,4600
4/25/2016,1.299,1.35,1.28,1.35,1.35,4700
4/26/2016,1.332,1.332,1.3,1.304,1.304,4800
4/27/2016,1.298,1.298,1.231,1.233,1.233,5300
4/28/2016,1.227,1.227,1.226,1.227,1.227,2300
4/29/2016,1.23,1.23,1.193,1.193,1.193,11900
5/2/2016,1.217,1.217,1.216,1.216,1.216,1600
5/3/2016,1.208,1.215,1.168,1.168,1.168,15900
5/4/2016,1.147,1.147,1.147,1.147,1.147,100
5/5/2016,1.124,1.13,1.086,1.086,1.086,14100
5/6/2016,1.088,1.117,1.078,1.1,1.1,99000
5/9/2016,1.13,1.14,1.121,1.128,1.128,12200
5/10/2016,1.131,1.142,1.13,1.142,1.142,3000
5/11/2016,1.159,1.165,1.147,1.147,1.147,1900
5/12/2016,1.154,1.157,1.127,1.15,1.15,8700
5/13/2016,1.15,1.15,1.15,1.15,1.15,0
5/16/2016,1.143,1.143,1.128,1.128,1.128,11000
5/17/2016,1.14,1.14,1.122,1.122,1.122,8800
5/18/2016,1.121,1.121,1.121,1.121,1.121,1000
5/19/2016,1.107,1.12,1.092,1.092,1.092,4400
5/20/2016,1.09,1.09,1.09,1.09,1.09,0
5/23/2016,1.09,1.09,1.09,1.09,1.09,0
5/24/2016,1.124,1.13,1.114,1.114,1.114,11300
5/25/2016,1.105,1.105,1.074,1.076,1.076,17500
5/26/2016,1.08,1.08,1.08,1.08,1.08,0
5/27/2016,1.08,1.08,1.08,1.08,1.08,0
5/31/2016,1.075,1.078,1.04,1.042,1.042,7400
6/1/2016,1.035,1.08,1.035,1.066,1.066,11400
6/2/2016,1.09,1.11,1.081,1.105,1.105,23400
6/3/2016,1.147,1.15,1.13,1.148,1.148,7300
6/6/2016,1.169,1.18,1.15,1.15,1.15,8700
6/7/2016,1.147,1.154,1.147,1.154,1.154,13000
6/8/2016,1.155,1.163,1.145,1.145,1.145,9400
6/9/2016,1.14,1.14,1.14,1.14,1.14,0
6/10/2016,1.154,1.154,1.154,1.154,1.154,1000
6/13/2016,1.158,1.158,1.113,1.113,1.113,9400
6/14/2016,1.109,1.109,1.108,1.108,1.108,3100
6/15/2016,1.1,1.1,1.1,1.1,1.1,4900
6/16/2016,1.118,1.118,1.118,1.118,1.118,600
6/17/2016,1.11,1.11,1.092,1.092,1.092,105400
6/20/2016,1.139,1.4,1.11,1.137,1.137,7000
6/21/2016,1.15,1.15,1.112,1.112,1.112,700
6/22/2016,1.39,1.39,1.162,1.17,1.17,5600
6/23/2016,1.182,1.182,1.164,1.164,1.164,3300
6/24/2016,1.168,1.168,1.168,1.168,1.168,800
6/27/2016,1.169,1.169,1.15,1.158,1.158,1200
6/28/2016,1.203,1.203,1.203,1.203,1.203,200
6/29/2016,1.197,1.197,1.197,1.197,1.197,3500
6/30/2016,1.18,1.25,1.1,1.187,1.187,25200
7/1/2016,1.19,1.19,1.19,1.19,1.19,0
7/5/2016,1.28,1.28,1.234,1.234,1.234,2600
7/6/2016,1.23,1.29,0.98,1.252,1.252,30800
7/7/2016,1.224,1.245,1.224,1.245,1.245,1600
7/8/2016,1.271,1.271,1.221,1.26,1.26,8100
7/11/2016,1.264,1.275,1.25,1.254,1.254,27000
7/12/2016,1.269,1.269,1.256,1.262,1.262,7100
7/13/2016,1.26,1.26,1.26,1.26,1.26,1800
7/14/2016,1.27,1.276,1.27,1.274,1.274,7500
7/15/2016,1.295,1.39,1.29,1.364,1.364,48800
7/18/2016,1.37,1.49,1.37,1.473,1.473,59800
7/19/2016,1.483,1.51,1.441,1.486,1.486,47200
7/20/2016,1.511,1.55,1.5,1.544,1.544,34700
7/21/2016,1.543,1.59,1.543,1.587,1.587,23200
7/22/2016,1.586,1.716,1.585,1.716,1.716,24500
7/25/2016,1.934,1.934,1.76,1.85,1.85,44100
7/26/2016,1.88,1.91,1.653,1.733,1.733,42000
7/27/2016,1.67,1.71,1.639,1.643,1.643,14600
7/28/2016,1.697,1.805,1.697,1.805,1.805,42900
7/29/2016,1.722,1.77,1.676,1.7,1.7,47400
8/1/2016,1.74,1.8,1.74,1.8,1.8,26500
8/2/2016,1.722,1.779,1.722,1.779,1.779,59300
8/3/2016,1.8,1.861,1.78,1.837,1.837,68500
8/4/2016,1.834,1.96,1.814,1.93,1.93,182300
8/5/2016,1.94,2,1.927,1.942,1.942,39400
8/8/2016,2.161,2.161,1.96,2.04,2.04,58800
8/9/2016,2.069,2.1,2.037,2.053,2.053,78100
8/10/2016,2.07,2.12,2.07,2.1,2.1,27500
8/11/2016,2.12,2.15,1.977,2.06,2.06,37300
8/12/2016,2.016,2.016,1.77,1.84,1.84,108000
8/15/2016,1.826,1.826,1.73,1.777,1.777,36400
8/16/2016,1.805,1.88,1.8,1.86,1.86,16000
8/17/2016,1.845,1.88,1.826,1.872,1.872,33000
8/18/2016,1.87,1.87,1.79,1.83,1.83,34200
8/19/2016,1.837,1.86,1.82,1.831,1.831,18000
8/22/2016,1.91,1.91,1.819,1.835,1.835,41400
8/23/2016,1.863,1.92,1.833,1.917,1.917,43100
8/24/2016,1.962,1.986,1.959,1.98,1.98,20000
8/25/2016,2.01,2.04,1.991,2.01,2.01,49000
8/26/2016,2.033,2.033,1.97,2.002,2.002,24900
8/29/2016,1.987,1.99,1.87,1.894,1.894,16600
8/30/2016,1.929,1.963,1.929,1.94,1.94,12200
8/31/2016,1.954,1.97,1.931,1.97,1.97,31900
9/1/2016,1.99,2.035,1.981,2.035,2.035,21000
9/2/2016,2.064,2.064,2.046,2.06,2.06,10200
9/6/2016,2.12,2.18,2.12,2.18,2.18,53500
9/7/2016,2.216,2.31,2.18,2.31,2.31,55400
9/8/2016,2.329,2.37,2.2,2.26,2.26,60500
9/9/2016,2.28,2.322,2.2,2.308,2.308,40700
9/12/2016,2.29,2.29,2.2,2.248,2.248,36900
9/13/2016,2.263,2.31,2.237,2.27,2.27,26200
9/14/2016,2.262,2.32,2.25,2.312,2.312,17200
9/15/2016,2.35,2.437,2.34,2.38,2.38,63800
9/16/2016,2.4,2.462,2.339,2.373,2.373,54600
9/19/2016,2.4,2.44,2.388,2.435,2.435,44300
9/20/2016,2.44,2.46,2.361,2.38,2.38,23200
9/21/2016,2.393,2.399,2.28,2.397,2.397,33100
9/22/2016,2.403,2.442,2.32,2.39,2.39,35400
9/23/2016,2.42,2.437,2.416,2.43,2.43,23600
9/26/2016,2.489,2.55,2.46,2.55,2.55,38400
9/27/2016,2.568,2.63,2.55,2.63,2.63,32300
9/28/2016,2.63,2.66,2.6,2.651,2.651,22600
9/29/2016,2.674,2.72,2.61,2.636,2.636,44600
9/30/2016,2.65,2.69,2.58,2.61,2.61,52800
10/3/2016,2.61,2.67,2.61,2.66,2.66,55400
10/4/2016,2.665,2.75,2.651,2.74,2.74,36700
10/5/2016,2.824,2.92,2.8,2.91,2.91,80700
10/6/2016,3.1,3.1,2.492,2.575,2.575,198600
10/7/2016,2.731,2.8,2.564,2.675,2.675,103100
10/10/2016,2.68,2.82,2.68,2.82,2.82,107200
10/11/2016,2.847,2.88,2.757,2.782,2.782,96800
10/12/2016,2.82,2.82,2.564,2.65,2.65,71500
10/13/2016,2.75,2.75,2.52,2.534,2.534,82900
10/14/2016,2.568,2.66,2.568,2.647,2.647,46700
10/17/2016,2.73,2.84,2.682,2.814,2.814,120800
10/18/2016,2.99,3.05,2.881,3.022,3.022,156800
10/19/2016,3.03,3.12,2.726,2.92,2.92,110800
10/20/2016,3,3,2.814,2.955,2.955,78600
10/21/2016,2.931,3,2.794,2.87,2.87,40900
10/24/2016,2.89,2.94,2.798,2.835,2.835,138000
10/25/2016,2.852,2.853,2.637,2.69,2.69,67000
10/26/2016,2.7,2.8,2.545,2.751,2.751,79600
10/27/2016,2.82,2.84,2.7,2.74,2.74,71200
10/28/2016,2.758,2.77,2.702,2.73,2.73,37000
10/31/2016,2.75,2.84,2.741,2.821,2.821,91300
11/1/2016,2.892,2.933,2.844,2.92,2.92,61700
11/2/2016,2.92,2.97,2.796,2.812,2.812,87400
11/3/2016,2.864,2.91,2.789,2.829,2.829,62300
11/4/2016,2.834,2.834,2.72,2.831,2.831,34500
11/7/2016,2.99,2.99,2.9,2.964,2.964,78700
11/8/2016,2.97,3.009,2.92,2.988,2.988,71300
11/9/2016,2.911,3.009,2.83,3.009,3.009,100500
11/10/2016,3.03,3.487,3.03,3.4,3.4,220500
11/11/2016,3.4,3.669,3.21,3.43,3.43,314700
11/14/2016,3.627,3.96,3.52,3.84,3.84,301700
11/15/2016,4.295,4.69,3.946,4.69,4.69,364200
11/16/2016,4.97,5.79,3.78,4.313,4.313,912400
11/17/2016,4.33,4.78,4.33,4.78,4.78,201600
11/18/2016,5,5.163,4.39,4.8,4.8,225000
11/21/2016,4.91,4.91,4.148,4.199,4.199,240500
11/22/2016,3.76,3.76,3.16,3.376,3.376,539700
11/23/2016,3.045,4.14,3,4.102,4.102,220600
11/25/2016,3.945,4.02,3.78,3.844,3.844,69800
11/28/2016,3.901,3.937,3.7,3.753,3.753,107800
11/29/2016,3.85,3.86,3.61,3.622,3.622,85400
11/30/2016,3.622,3.97,3.5,3.91,3.91,124700
12/1/2016,4.221,4.27,3.937,4.025,4.025,209000
12/2/2016,4.123,4.16,4,4.041,4.041,127100
12/5/2016,4.149,4.16,3.9,3.941,3.941,154100
12/6/2016,3.84,3.93,3.699,3.712,3.712,158300
12/7/2016,3.699,3.96,3.65,3.94,3.94,115400
12/8/2016,4.03,4.11,3.862,3.869,3.869,98800
12/9/2016,3.902,3.996,3.796,3.829,3.829,85100
12/12/2016,3.82,3.91,3.77,3.88,3.88,69500
12/13/2016,3.984,4.206,3.878,4.053,4.053,172700
12/14/2016,4.18,4.28,3.888,3.95,3.95,151600
12/15/2016,3.914,3.95,3.83,3.916,3.916,44300
12/16/2016,3.926,3.95,3.81,3.849,3.849,49000
12/19/2016,3.816,3.85,3.396,3.409,3.409,200800
12/20/2016,3.4,3.49,3.05,3.37,3.37,185300
12/21/2016,3.431,3.46,3.32,3.339,3.339,56700
12/22/2016,3.273,3.61,3.235,3.49,3.49,90300
12/23/2016,3.523,3.62,3.5,3.537,3.537,56300
12/27/2016,3.61,3.72,3.548,3.71,3.71,101800
12/28/2016,3.67,3.72,3.57,3.65,3.65,156000
12/29/2016,3.667,3.75,3.59,3.74,3.74,63900
12/30/2016,3.69,3.87,3.69,3.76,3.76,162700
1/3/2017,3.77,3.87,3.72,3.81,3.81,84200
1/4/2017,3.85,3.94,3.837,3.924,3.924,115100
1/5/2017,3.92,4.04,3.847,3.955,3.955,213600
1/6/2017,4,4.029,3.93,4.02,4.02,113200
1/9/2017,4.01,4.129,4,4.121,4.121,212500
1/10/2017,4.11,4.322,4.11,4.31,4.31,219900
1/11/2017,4.328,4.33,4.05,4.123,4.123,235200
1/12/2017,4.17,4.17,3.96,4.056,4.056,149600
1/13/2017,4.074,4.15,4.055,4.132,4.132,119800
1/17/2017,4.321,4.333,4.15,4.306,4.306,218300
1/18/2017,4.3,4.4,4.142,4.157,4.157,210400
1/19/2017,4.2,4.235,4.147,4.18,4.18,79300
1/20/2017,4.17,4.26,4.1,4.185,4.185,93700
1/23/2017,4.18,4.25,4.15,4.172,4.172,101700
1/24/2017,4.199,4.3,4.13,4.17,4.17,80200
1/25/2017,4.18,4.207,4.08,4.1,4.1,83700
1/26/2017,4.182,4.27,4.056,4.109,4.109,71200
1/27/2017,4.13,4.16,3.954,4,4,173300
1/30/2017,3.994,4.1,3.846,3.854,3.854,167000
1/31/2017,3.85,4.01,3.8,3.97,3.97,111600
2/1/2017,3.94,4.15,3.915,4.143,4.143,112900
2/2/2017,4.19,4.24,4.157,4.19,4.19,121100
2/3/2017,4.214,4.24,4.16,4.22,4.22,85100
2/6/2017,4,4.12,3.92,4.07,4.07,237700
2/7/2017,4.165,4.22,4.073,4.073,4.073,165700
2/8/2017,4.1,4.22,4.086,4.124,4.124,80100
2/9/2017,4.25,4.255,4.16,4.18,4.18,142800
2/10/2017,4.29,4.29,4.188,4.21,4.21,111500
2/13/2017,4.225,4.48,4.18,4.434,4.434,344000
2/14/2017,4.495,4.621,4.4,4.58,4.58,290500
2/15/2017,4.625,5.104,4.62,5.015,5.015,441800
2/16/2017,4.88,5.15,4.87,4.97,4.97,321700
2/17/2017,4.985,5.051,4.94,5.011,5.011,200800
2/21/2017,5.094,5.15,4.958,5.048,5.048,308600
2/22/2017,5.041,5.07,4.8,4.92,4.92,250100
2/23/2017,4.966,4.99,4.83,4.859,4.859,160000
2/24/2017,4.806,4.9,4.58,4.81,4.81,310400
2/27/2017,4.81,5.123,4.76,5.08,5.08,330000
2/28/2017,5.13,5.265,4.89,5.024,5.024,314200
3/1/2017,5.018,5.09,4.87,4.952,4.952,186500
3/2/2017,4.974,4.98,4.91,4.952,4.952,99100
3/3/2017,4.975,5.148,4.943,5.123,5.123,166200
3/6/2017,5.136,5.209,5.1,5.192,5.192,233200
3/7/2017,5.141,5.2,4.907,4.95,4.95,199200
3/8/2017,4.686,4.77,4.462,4.656,4.656,596400
3/9/2017,4.557,5,4.5,4.942,4.942,165600
3/10/2017,5.051,5.068,4.908,4.93,4.93,70800
3/13/2017,4.909,4.99,4.88,4.905,4.905,101500
3/14/2017,4.935,4.95,4.8,4.9,4.9,94400
3/15/2017,4.905,4.92,4.78,4.791,4.791,57500
3/16/2017,4.85,4.935,4.785,4.935,4.935,56200
3/17/2017,4.938,4.97,4.84,4.86,4.86,92300
3/20/2017,4.796,4.86,4.68,4.69,4.69,150900
3/21/2017,4.8,4.93,4.745,4.755,4.755,177100
3/22/2017,4.74,4.85,4.51,4.655,4.655,128900
3/23/2017,4.76,4.8,4.648,4.7,4.7,100500
3/24/2017,4.75,4.8,4.638,4.65,4.65,72500
3/27/2017,4.935,5.011,4.751,5.007,5.007,245100
3/28/2017,5.091,5.165,4.82,4.9,4.9,176100
3/29/2017,4.888,4.97,4.824,4.924,4.924,90500
3/30/2017,4.99,4.999,4.85,4.922,4.922,113700
3/31/2017,5,5.04,4.89,5.04,5.04,103200
4/3/2017,5.03,5.1,4.987,5.03,5.03,167400
4/4/2017,5.04,5.15,5,5.112,5.112,101100
4/5/2017,5.155,5.45,5.12,5.395,5.395,463400
4/6/2017,5.4,5.61,5.3,5.601,5.601,423400
4/7/2017,5.692,5.948,5.594,5.908,5.908,492600
4/10/2017,5.989,6.37,5.855,6.299,6.299,815200
4/11/2017,6.449,6.6,5.1,5.841,5.841,806900
4/12/2017,5.893,6.119,5.65,5.925,5.925,341500
4/13/2017,6.003,6.18,5.321,5.424,5.424,551400
4/17/2017,5.273,5.39,4.996,5.15,5.15,570800
4/18/2017,5.052,5.12,4.92,4.999,4.999,489900
4/19/2017,4.997,5.309,4.975,5.188,5.188,315400
4/20/2017,5.001,5.015,4.87,4.96,4.96,413900
4/21/2017,5.025,5.09,4.91,4.96,4.96,137300
4/24/2017,4.971,5.11,4.919,4.94,4.94,287600
4/25/2017,4.9,4.93,4.639,4.779,4.779,369800
4/26/2017,4.72,4.733,4.5,4.63,4.63,281600
4/27/2017,4.58,4.63,4.41,4.43,4.43,376000
4/28/2017,4.395,4.57,4.3,4.53,4.53,263000
5/1/2017,4.56,4.81,4.524,4.79,4.79,291800
5/2/2017,4.842,4.97,4.798,4.84,4.84,374500
5/3/2017,4.845,4.87,4.73,4.758,4.758,202500
5/4/2017,4.741,4.83,4.577,4.64,4.64,153200
5/5/2017,4.545,4.61,4.45,4.51,4.51,162200
5/8/2017,4.555,4.63,4.47,4.481,4.481,148000
5/9/2017,4.484,4.53,4.28,4.3,4.3,301500
5/10/2017,4.284,4.32,4.03,4.08,4.08,347900
5/11/2017,4.005,4.512,3.841,4.51,4.51,485300
5/12/2017,4.54,4.59,4.299,4.31,4.31,221900
5/15/2017,4.42,4.53,4.381,4.459,4.459,182800
5/16/2017,4.483,4.509,4.38,4.398,4.398,98600
5/17/2017,4.425,4.48,4.223,4.241,4.241,137800
5/18/2017,4.185,4.391,4.13,4.206,4.206,128500
5/19/2017,4.31,4.41,4.189,4.19,4.19,114300
5/22/2017,4.255,4.35,4.2,4.34,4.34,159800
5/23/2017,4.246,4.3,4.19,4.22,4.22,137300
5/24/2017,4.25,4.255,4.175,4.2,4.2,127500
5/25/2017,4.207,4.23,4.021,4.06,4.06,168300
5/26/2017,4.055,4.227,4,4.18,4.18,141500
5/30/2017,4.095,4.16,4.01,4.03,4.03,166400
5/31/2017,4.021,4.08,3.82,3.87,3.87,247200
6/1/2017,3.855,4.022,3.841,3.999,3.999,170200
6/2/2017,4.025,4.09,3.89,3.924,3.924,135700
6/5/2017,3.96,3.97,3.654,3.787,3.787,267900
6/6/2017,3.735,3.85,3.46,3.52,3.52,385500
6/7/2017,3.46,3.69,3.395,3.65,3.65,327400
6/8/2017,3.682,3.766,3.56,3.667,3.667,172600
6/9/2017,3.76,3.96,3.7,3.88,3.88,219000
6/12/2017,3.901,4.232,3.89,4.1,4.1,384100
6/13/2017,4.205,4.3,4,4.016,4.016,201500
6/14/2017,4.03,4.1,3.948,3.976,3.976,139900
6/15/2017,3.968,3.969,3.849,3.87,3.87,93700
6/16/2017,3.916,4.06,3.896,4.05,4.05,81500
6/19/2017,4.07,4.21,4.05,4.1,4.1,125400
6/20/2017,4.108,4.12,3.97,4,4,114900
6/21/2017,4.015,4.08,3.97,4.07,4.07,75700
6/22/2017,4.111,4.26,4.1,4.25,4.25,255500
6/23/2017,4.245,4.28,4.1,4.14,4.14,80000
6/26/2017,4.2,4.229,4.1,4.117,4.117,87500
6/27/2017,4.12,4.12,4.021,4.079,4.079,121100
6/28/2017,4.085,4.201,4.075,4.189,4.189,58800
6/29/2017,4.209,4.22,4.063,4.089,4.089,82200
6/30/2017,4.115,4.115,4,4.1,4.1,80600
7/3/2017,4.115,4.18,4.075,4.16,4.16,51600
7/5/2017,4.205,4.21,4.1,4.15,4.15,76700
7/6/2017,4.18,4.18,4.06,4.087,4.087,66400
7/7/2017,4.085,4.129,3.99,4.017,4.017,122100
7/10/2017,4.049,4.079,3.99,4.041,4.041,91700
7/11/2017,4.037,4.05,3.99,4.02,4.02,111500
7/12/2017,4.13,4.677,4.07,4.67,4.67,398200
7/13/2017,4.62,4.71,4.42,4.46,4.46,333000
7/14/2017,4.52,4.59,4.43,4.55,4.55,232800
7/17/2017,4.585,4.95,4.557,4.94,4.94,373300
7/18/2017,4.89,5.2,4.78,5.04,5.04,412500
7/19/2017,5.048,5.15,4.96,4.99,4.99,269400
7/20/2017,4.99,5.06,4.845,4.91,4.91,214600
7/21/2017,4.917,5,4.88,4.98,4.98,122300
7/24/2017,5.02,5.12,5,5.093,5.093,255300
7/25/2017,5.145,5.207,5.05,5.179,5.179,268300
7/26/2017,5.2,5.38,5.16,5.33,5.33,284000
7/27/2017,5.403,5.45,5.007,5.125,5.125,467100
7/28/2017,5.16,5.267,5.077,5.23,5.23,135800
7/31/2017,5.241,5.35,5.097,5.2,5.2,186300
8/1/2017,5.203,5.23,5.064,5.117,5.117,190800
8/2/2017,5.12,5.18,4.9,5.017,5.017,201600
8/3/2017,4.925,4.925,4.691,4.72,4.72,310900
8/4/2017,4.65,4.66,4.46,4.549,4.549,345200
8/7/2017,4.655,4.655,4.52,4.61,4.61,188000
8/8/2017,4.55,4.799,4.546,4.72,4.72,203600
8/9/2017,4.785,4.796,4.64,4.67,4.67,180100
8/10/2017,4.701,4.77,4.62,4.63,4.63,155800
8/11/2017,4.595,4.65,4.47,4.63,4.63,164900
8/14/2017,4.675,4.7,4.609,4.689,4.689,101100
8/15/2017,4.745,4.8,4.656,4.719,4.719,179600
8/16/2017,4.74,4.76,4.72,4.739,4.739,105800
8/17/2017,4.745,4.75,4.65,4.65,4.65,84100
8/18/2017,4.706,4.72,4.62,4.64,4.64,61600
8/21/2017,4.645,4.717,4.548,4.57,4.57,84400
8/22/2017,4.645,4.65,4.56,4.65,4.65,47500
8/23/2017,4.68,4.83,4.67,4.83,4.83,155400
8/24/2017,4.84,4.89,4.77,4.822,4.822,118600
8/25/2017,4.846,4.855,4.74,4.74,4.74,92500
8/28/2017,4.81,4.84,4.75,4.75,4.75,27700
8/29/2017,4.865,4.865,4.73,4.77,4.77,100800
8/30/2017,4.84,4.84,4.73,4.75,4.75,63700
8/31/2017,4.83,4.83,4.77,4.781,4.781,89800
9/1/2017,4.845,4.86,4.8,4.835,4.835,118600
9/5/2017,4.855,4.87,4.8,4.82,4.82,72000
9/6/2017,4.795,4.95,4.78,4.88,4.88,141100
9/7/2017,4.896,4.95,4.88,4.9,4.9,147600
9/8/2017,4.96,5.05,4.9,4.93,4.93,217800
9/11/2017,5.01,5.03,4.925,4.959,4.959,98400
9/12/2017,5,5.243,4.963,5.24,5.24,267300
9/13/2017,5.26,5.31,5.08,5.13,5.13,323100
9/14/2017,5.1,5.188,5.03,5.14,5.14,114100
9/15/2017,5.19,5.25,5.16,5.23,5.23,136400
9/18/2017,5.3,5.54,5.25,5.5,5.5,361100
9/19/2017,5.517,5.65,5.4,5.601,5.601,258600
9/20/2017,5.609,5.62,5.4,5.48,5.48,272600
9/21/2017,5.46,5.47,5.29,5.359,5.359,207800
9/22/2017,5.3,5.42,5.3,5.4,5.4,182300
9/25/2017,5.405,5.5,5.38,5.4,5.4,328300
9/26/2017,5.45,5.45,5.37,5.39,5.39,129400
9/27/2017,5.415,5.482,5.387,5.457,5.457,159400
9/28/2017,5.48,5.513,5.4,5.51,5.51,174300
9/29/2017,5.51,5.8,5.5,5.7,5.7,317900
10/2/2017,5.77,5.9,5.747,5.85,5.85,323700
10/3/2017,5.882,5.933,5.65,5.74,5.74,345100
10/4/2017,5.725,5.9,5.725,5.88,5.88,189800
10/5/2017,5.9,6.203,5.895,6.13,6.13,558700
10/6/2017,6.205,6.268,5.72,5.95,5.95,470700
10/9/2017,5.94,6.1,5.94,6.06,6.06,295300
10/10/2017,6.11,6.14,6.021,6.08,6.08,212000
10/11/2017,6.045,6.343,5.9,6.309,6.309,257900
10/12/2017,6.263,6.29,6.12,6.23,6.23,273100
10/13/2017,6.26,6.33,6.192,6.215,6.215,487900
10/16/2017,6.24,6.438,6.23,6.32,6.32,436000
10/17/2017,5.595,5.853,5.37,5.48,5.48,1587800
10/18/2017,5.4,5.509,5.26,5.41,5.41,566300
10/19/2017,5.398,5.45,5.068,5.181,5.181,537700
10/20/2017,5.165,5.529,5.15,5.49,5.49,381100
10/23/2017,5.605,5.64,5.501,5.53,5.53,313100
10/24/2017,5.56,5.64,5.4,5.46,5.46,254600
10/25/2017,5.465,5.539,5.34,5.391,5.391,170400
10/26/2017,5.382,5.42,5.27,5.33,5.33,164900
10/27/2017,5.297,5.33,5.212,5.26,5.26,170700
10/30/2017,5.495,5.81,5.49,5.68,5.68,493200
10/31/2017,5.706,6.12,5.6,5.97,5.97,1119800
11/1/2017,6.09,6.171,5.861,6.059,6.059,635100
11/2/2017,6.07,6.09,5.86,5.924,5.924,318900
11/3/2017,5.979,6.08,5.92,6.061,6.061,239800
11/6/2017,6.155,6.64,6.15,6.633,6.633,835000
11/7/2017,6.665,6.97,6.444,6.63,6.63,1117500
11/8/2017,6.65,6.88,6.46,6.57,6.57,660000
11/9/2017,6.47,6.55,6.143,6.482,6.482,444800
11/10/2017,6.465,6.8,6.465,6.739,6.739,426400
11/13/2017,6.917,7.261,6.808,7.19,7.19,973600
11/14/2017,7.52,7.52,6.8,7.129,7.129,888100
11/15/2017,7.155,7.218,6.972,7.022,7.022,478200
11/16/2017,6.925,6.97,6.232,6.75,6.75,1044700
11/17/2017,6.385,6.996,6.35,6.921,6.921,458100
11/20/2017,6.97,7.11,6.9,6.945,6.945,519900
11/21/2017,7.075,7.13,6.84,6.941,6.941,343700
11/22/2017,7.001,7.131,6.98,7.089,7.089,402200
11/24/2017,7.425,7.75,7.395,7.7,7.7,522000
11/27/2017,8.386,9.55,8.302,9.437,9.437,1753700
11/28/2017,9.884,10.08,8.201,8.941,8.941,1515200
11/29/2017,8.598,8.98,8.1,8.21,8.21,933400
11/30/2017,8,8.839,7.7,8.772,8.772,837300
12/1/2017,8.855,9.239,8.645,8.95,8.95,500700
12/4/2017,9.29,9.44,8.946,9.17,9.17,436600
12/5/2017,11.54,11.985,10.28,10.66,10.66,1714400
12/6/2017,10.695,10.74,10.08,10.41,10.41,573800
12/7/2017,10.349,10.799,10.01,10.131,10.131,647600
12/8/2017,10.323,10.552,10.23,10.487,10.487,392300
12/11/2017,10.542,10.979,10.381,10.929,10.929,557100
12/12/2017,11.15,11.785,10.947,11.769,11.769,840000
12/13/2017,11.218,11.43,10.992,11.05,11.05,870100
12/14/2017,11.2,11.39,11.083,11.137,11.137,354400
12/15/2017,11.185,11.24,10.95,11.04,11.04,374900
12/18/2017,11.283,11.42,11.167,11.203,11.203,426700
12/19/2017,11.305,11.53,11.186,11.53,11.53,423700
12/20/2017,11.615,11.63,11.219,11.295,11.295,553800
12/21/2017,11.361,11.87,11.361,11.723,11.723,660900
12/22/2017,11.794,12.27,11.492,12.03,12.03,610500
12/26/2017,12.245,13.75,12.245,13.23,13.23,820900
12/27/2017,12.825,13.42,12.544,13.35,13.35,864800
12/28/2017,13.983,14.47,13.49,14.329,14.329,1201300
12/29/2017,14.815,15.808,12.494,14.75,14.75,2317600
1/2/2018,15.51,16.326,15.194,16.15,16.15,1538300
1/3/2018,16.833,17.5,16.146,17.167999,17.167999,2058000
1/4/2018,16.424999,16.59,13.34,14.91,14.91,3372900
1/5/2018,14.143,15.82,13.85,15.385,15.385,1620500
1/8/2018,16.594999,17.719999,16.225,17.709,17.709,1791000
1/9/2018,17.719999,19.868999,16.947001,18.452999,18.452999,2631800
1/10/2018,19.315001,19.51,17.65,18.1,18.1,1404200
1/11/2018,17.542,17.719999,16.094,16.5,16.5,2131100
1/12/2018,15.495,15.58,13.302,14.46,14.46,3277500
1/16/2018,18.85,19.110001,16.360001,17.441999,17.441999,2484700
1/17/2018,17.665001,18.079,16.98,17.709999,17.709999,1217400
1/18/2018,17.535,17.84,17.094999,17.622999,17.622999,649700
1/19/2018,17.775,18.004,17.41,17.73,17.73,617000
1/22/2018,18.275,18.525,17.545,17.780001,17.780001,824400
1/23/2018,17.620001,17.783001,16.98,17.451,17.451,788100
1/24/2018,17.43,17.6,16.450001,16.809999,16.809999,918000
1/25/2018,16.719999,16.799999,15.194,15.47,15.47,1438600
1/26/2018,15.1,16.679001,14.689,16.35,16.35,1234600
1/29/2018,16.655001,16.870001,15.21,15.401,15.401,1028800
1/30/2018,14.815,15.3,14.25,14.385,14.385,1424000
1/31/2018,14.72,15.303,14.25,14.301,14.301,872600
2/1/2018,14.42,14.724,12.123,12.64,12.64,2826800
2/2/2018,12.02,12.85,10.76,11.106,11.106,2843400
2/5/2018,10.238,12.781,9.95,11.31,11.31,2355100
2/6/2018,11.83,13.275,11.305,13.275,13.275,1631700
2/7/2018,14.075,14.37,12.238,12.818,12.818,1433500
2/8/2018,13.26,13.4,12.29,12.63,12.63,505000
2/9/2018,12.5,12.972,11.77,12.822,12.822,826900
2/12/2018,13.04,13.283,12.381,12.489,12.489,531300
2/13/2018,12.455,12.589,12.147,12.35,12.35,491200
2/14/2018,12.495,12.55,12.21,12.401,12.401,361000
2/15/2018,12.56,12.66,11.83,11.946,11.946,730200
2/16/2018,11.372,11.698,10.96,11.12,11.12,805300
2/20/2018,11.155,12.213,10.99,11.833,11.833,701600
2/21/2018,11.975,12.1,11.36,11.373,11.373,384000
2/22/2018,11.46,11.54,11.07,11.15,11.15,306400
2/23/2018,11.23,11.47,10.837,10.93,10.93,484800
2/26/2018,11.155,11.27,10.17,10.17,10.17,819800
2/27/2018,10.16,10.19,9.329,9.705,9.705,1463100
2/28/2018,9.43,10.78,9.36,10.405,10.405,704000
3/1/2018,10.575,10.989,10.236,10.93,10.93,520000
3/2/2018,10.96,10.96,10.515,10.65,10.65,274800
3/5/2018,10.61,11.184,10.39,11.013,11.013,756900
3/6/2018,11.341,11.869,10.84,10.992,10.992,641600
3/7/2018,11.045,11.2,10.499,10.59,10.59,470200
3/8/2018,10.67,10.999,10.47,10.651,10.651,290600
3/9/2018,10.835,10.93,10.52,10.93,10.93,327800
3/12/2018,11.105,11.3,10.67,11.194,11.194,421500
3/13/2018,11.365,11.396,10.94,10.992,10.992,243600
3/14/2018,11.008,11.096,10.72,10.81,10.81,220500
3/15/2018,10.925,11.1,10.65,11.03,11.03,190800
3/16/2018,10.93,11.43,10.86,11.13,11.13,362900
3/19/2018,11.375,11.58,11.16,11.32,11.32,486800
3/20/2018,11.39,11.6,10.8,11.08,11.08,418800
3/21/2018,11.252,11.46,10.7,10.77,10.77,934900
3/22/2018,10.54,10.76,9.982,10.35,10.35,558500
3/23/2018,11.1,11.18,10.24,10.25,10.25,428900
3/26/2018,10.14,10.22,9.594,10.1,10.1,695000
3/27/2018,10.185,10.412,9.657,9.814,9.814,488200
3/28/2018,9.675,9.9,9.01,9.257,9.257,751400
3/29/2018,9.151,9.55,8.86,8.96,8.96,708700
4/2/2018,9.01,9.94,8.383,8.669,8.669,891000
4/3/2018,8.585,9.006,7.76,7.81,7.81,859600
4/4/2018,7.46,8.04,7.11,7.75,7.75,1062600
4/5/2018,8.03,8.57,7.87,8.53,8.53,592700
4/6/2018,8.355,8.426,7.78,7.93,7.93,550900
4/9/2018,8.03,8.2,7.54,7.618,7.618,480700
4/10/2018,7.515,7.95,7.04,7.82,7.82,949000
4/11/2018,7.82,8.15,7.6,8,8,420700
4/12/2018,8.069,8.24,7.77,7.86,7.86,426500
4/13/2018,7.885,9.534,7.885,9.02,9.02,1181700
4/16/2018,9.59,10.06,9.395,9.699,9.699,1484500
4/17/2018,9.82,10.03,9.06,9.09,9.09,862600
4/18/2018,8.914,9.1,8.71,8.834,8.834,615700
4/19/2018,8.935,9.07,8.546,8.706,8.706,375100
4/20/2018,8.805,8.99,8.3,8.32,8.32,500500
4/23/2018,8.23,8.42,7.839,7.85,7.85,591900
4/24/2018,7.827,8.169,7.7,7.87,7.87,645800
4/25/2018,7.841,7.886,7.599,7.64,7.64,405900
4/26/2018,7.709,7.89,7.56,7.615,7.615,309400
4/27/2018,7.715,7.81,7.56,7.6,7.6,228200
4/30/2018,7.665,7.963,7.51,7.81,7.81,373500
5/1/2018,7.855,7.96,7.56,7.66,7.66,362800
5/2/2018,7.635,7.928,7.493,7.654,7.654,445500
5/3/2018,7.645,7.844,7.48,7.721,7.721,289000
5/4/2018,7.75,7.92,7.58,7.645,7.645,227000
5/7/2018,7.65,8,7.639,8,8,467200
5/8/2018,8.315,8.74,7.91,8.39,8.39,662800
5/9/2018,8.695,9,8.39,8.92,8.92,758800
5/10/2018,9.124,9.17,8.65,8.7,8.7,647300
5/11/2018,8.71,9,8.522,8.949,8.949,558300
5/14/2018,9.171,9.65,9.16,9.48,9.48,1001600
5/15/2018,9.595,10.15,9.38,10.139,10.139,2006500
5/16/2018,10.215,10.29,9.844,10,10,1159500
5/17/2018,10.1,10.16,9.23,9.277,9.277,1516000
5/18/2018,9.267,9.726,9.243,9.53,9.53,1194000
5/21/2018,9.85,10.3,9.561,10.15,10.15,955000
5/22/2018,10.16,10.32,9.826,10.04,10.04,799300
5/23/2018,9.95,10.08,9.75,9.9,9.9,491900
5/24/2018,9.945,10.11,9.4,9.5,9.5,717400
5/25/2018,9.5,9.55,9.01,9.19,9.19,917900
5/29/2018,9.146,9.5,8.947,8.99,8.99,669100
5/30/2018,9.075,9.281,8.99,9.08,9.08,622500
5/31/2018,9.062,9.25,8.68,8.86,8.86,712800
6/1/2018,8.99,9.19,8.793,9.085,9.085,646800
6/4/2018,9.21,9.43,9.1,9.288,9.288,724100
6/5/2018,9.28,9.71,9.088,9.4,9.4,797900
6/6/2018,9.575,10.065,9.495,9.81,9.81,1356200
6/7/2018,9.535,9.58,9.111,9.27,9.27,1837400
6/8/2018,9.3,9.43,8.87,9.31,9.31,1003500
6/11/2018,9.36,9.51,9.01,9.032,9.032,592300
6/12/2018,8.992,9.1,8.777,8.83,8.83,828800
6/13/2018,8.795,9,8.62,8.81,8.81,792700
6/14/2018,8.81,8.99,8.763,8.82,8.82,441700
6/15/2018,8.79,8.891,8.619,8.88,8.88,505500
6/18/2018,8.855,9.03,8.68,8.947,8.947,428100
6/19/2018,8.905,9.157,8.75,8.994,8.994,658200
6/20/2018,9.48,9.48,9.08,9.334,9.334,1103900
6/21/2018,9.36,9.925,9.28,9.85,9.85,1657000
6/22/2018,9.908,10.1,9.24,9.571,9.571,2183600
6/25/2018,9.73,10,9.4,9.79,9.79,1483200
6/26/2018,9.88,10,9.433,9.54,9.54,774600
6/27/2018,9.395,9.49,8.71,8.785,8.785,1159800
6/28/2018,8.75,9.301,8.69,9.301,9.301,718500
6/29/2018,9.4,9.5,8.9,9.03,9.03,628800
7/2/2018,9.11,9.22,9,9.17,9.17,297400
7/3/2018,9.245,9.32,8.855,8.889,8.889,471200
7/5/2018,9.005,9.14,8.88,8.91,8.91,474100
7/6/2018,8.85,9.023,8.73,8.929,8.929,350000
7/9/2018,9.015,9.19,8.84,9.03,9.03,460600
7/10/2018,9.11,9.3,9.01,9.18,9.18,514100
7/11/2018,9.18,9.29,8.937,9.05,9.05,392500
7/12/2018,9.06,9.2,9.055,9.12,9.12,509300
7/13/2018,9.15,9.27,8.9,8.95,8.95,481300
7/16/2018,8.96,9.055,8.275,8.297,8.297,1013400
7/17/2018,8.2,8.33,7.795,7.94,7.94,1187300
7/18/2018,7.9,8.645,7.72,8.543,8.543,793400
7/19/2018,8.398,8.54,8.1,8.1,8.1,502500
7/20/2018,8.115,8.29,7.86,7.938,7.938,748700
7/23/2018,8.095,8.56,7.991,8.438,8.438,798200
7/24/2018,8.575,8.75,7.942,8.12,8.12,700400
7/25/2018,8.21,8.32,7.94,7.982,7.982,392200
7/26/2018,7.968,8.08,7.75,8,8,569000
7/27/2018,8.15,8.5,8.095,8.5,8.5,561300
7/30/2018,8.655,8.91,8.36,8.544,8.544,606400
7/31/2018,8.474,8.85,8.462,8.828,8.828,445400
8/1/2018,8.3,8.58,8.1,8.14,8.14,1112200
8/2/2018,8.025,8.22,7.82,8.07,8.07,668400
8/3/2018,8.19,8.26,7.833,7.899,7.899,509000
8/6/2018,7.915,8.05,7.91,7.99,7.99,312900
8/7/2018,7.829,7.96,7.496,7.526,7.526,965300
8/8/2018,7.605,7.78,7.5,7.6,7.6,428500
8/9/2018,7.675,7.95,7.6,7.95,7.95,501000
8/10/2018,7.923,8.1,7.75,7.78,7.78,348400
8/13/2018,7.771,7.8,7.24,7.34,7.34,669600
8/14/2018,7.231,7.35,6.59,6.69,6.69,1583600
8/15/2018,7.6,8.058,7.05,8.02,8.02,1785200
8/16/2018,7.985,8.15,7.604,7.88,7.88,789800
8/17/2018,7.79,8.139,7.69,8.07,8.07,608100
8/20/2018,8.17,8.752,8.12,8.72,8.72,1344300
8/21/2018,8.872,9.158,8.366,8.747,8.747,1515700
8/22/2018,8.606,8.77,8.27,8.67,8.67,921900
8/23/2018,8.67,8.93,8.45,8.721,8.721,776800
8/24/2018,9.22,10.85,9.104,10.753,10.753,5209900
8/27/2018,12.09,12.853,11.28,11.67,11.67,6316200
8/28/2018,11.105,11.5,10.327,11.28,11.28,4570700
8/29/2018,11.85,12.66,11.497,12.6,12.6,4014600
8/30/2018,12.01,13.069,11.8,12.31,12.31,3728300
8/31/2018,12.308,13.001,12.244,12.96,12.96,2379300
9/4/2018,13.475,14.1,13.05,14.06,14.06,3696400
9/5/2018,14.56,15.15,13.32,14.03,14.03,4697000
9/6/2018,13.92,16.257,13.42,16.257,16.257,4764900
9/7/2018,15.754,16.304001,15.1,15.49,15.49,3837100
9/10/2018,15.565,16.6,15.374,16.49,16.49,2697200
9/11/2018,16.530001,16.76,15.991,16.5,16.5,1991400
9/12/2018,16.190001,16.860001,14.797,15.972,15.972,3375700
9/13/2018,15.6,15.932,12.992,13.287,13.287,5005000
9/14/2018,12.259,15.041,12.12,14.982,14.982,4175600
9/17/2018,15.53,15.71,14.493,15,15,2227100
9/18/2018,15.66,16.17,15.224,16.000999,16.000999,2750200
9/19/2018,16.371,16.658001,14.33,14.99,14.99,4915800
9/20/2018,15.307,15.85,14.425,15.45,15.45,2594600
9/21/2018,15.125,15.4,14.35,15.306,15.306,1646400
9/24/2018,15,15.8,14.741,15.401,15.401,1255500
9/25/2018,15.7,15.9,14.95,15.082,15.082,1487400
9/26/2018,14.994,15.83,14.486,14.63,14.63,1358100
9/27/2018,14.46,14.85,13.42,13.64,13.64,2168900
9/28/2018,13.2,14.32,13.2,13.935,13.935,1118200
10/1/2018,14.577,14.9,13.624,13.85,13.85,1704200
10/2/2018,13.5,13.8,12.318,12.509,12.509,2695200
10/3/2018,12.635,13.45,12.4,13.199,13.199,1727400
10/4/2018,13.201,13.4,12.53,12.68,12.68,1156800
10/5/2018,12.75,12.98,12.3,12.59,12.59,916100
10/8/2018,12.95,13.33,12.62,13.29,13.29,1173100
10/9/2018,12.762,13.918,12.664,13.405,13.405,1575500
10/10/2018,13.4,15.894,12.82,15.299,15.299,5349800
10/11/2018,14.758,15.747,14.28,15.1,15.1,3533300
10/12/2018,15.345,15.45,14.56,14.65,14.65,2742400
10/15/2018,15.011,15.564,14.784,15.35,15.35,2509700
10/16/2018,15.8,16.190001,14.196,14.43,14.43,3548000
10/17/2018,12.91,15.214,12.91,14.918,14.918,3625900
10/18/2018,15.326,15.861,14.86,14.889,14.889,2409300
10/19/2018,15.105,15.41,13.55,13.939,13.939,2121900
10/22/2018,13.943,14.19,11.596,12.03,12.03,4016200
10/23/2018,10.555,13.25,10.5,12.144,12.144,3809200
10/24/2018,12.52,12.78,11.224,11.27,11.27,1562000
10/25/2018,10.842,12.81,10.6,12.39,12.39,1864200
10/26/2018,11.915,12.55,11.6,11.79,11.79,1534600
10/29/2018,12.145,12.29,9.599,9.76,9.76,3195800
10/30/2018,9.5,10.64,9.45,10.13,10.13,1778700
10/31/2018,10.565,12,10.4,11.934,11.934,2182100
11/1/2018,12.21,12.7,11.175,11.57,11.57,1873900
11/2/2018,11.75,12.35,11.31,12,12,2140800
11/5/2018,12.2,12.28,11.56,12.25,12.25,2031000
11/6/2018,12.22,12.98,11.87,12.72,12.72,3940000
11/7/2018,13.24,13.45,12.23,13.22,13.22,5173600
11/8/2018,13.08,13.14,12.53,12.61,12.61,2661600
11/9/2018,12.36,12.635,11.78,12.31,12.31,4300000
11/12/2018,12.44,12.5,11.213,11.28,11.28,2386100
11/13/2018,11.25,11.46,10.24,10.3,10.3,3200100
11/14/2018,10.01,10.24,9.26,9.54,9.54,3248600
11/15/2018,9.55,10.44,9.41,10.29,10.29,2233800
11/16/2018,10.3,10.31,9.55,9.74,9.74,1655500
11/19/2018,9.61,9.61,9,9.05,9.05,2387800
11/20/2018,8.59,9.3,8.35,8.81,8.81,2384100
11/21/2018,8.9,9.33,8.78,8.83,8.83,1559700
11/23/2018,8.82,9.03,8.55,8.84,8.84,615200
11/26/2018,9.2,9.22,8.03,8.08,8.08,2363100
11/27/2018,8.15,8.28,7.63,7.74,7.74,2333500
11/28/2018,7.9,8.55,7.8,8.49,8.49,3027900
11/29/2018,8.45,8.51,7.9,7.93,7.93,2496500
11/30/2018,8,8.08,7.73,7.9,7.9,1748200
12/3/2018,6.5,6.91,5.6,6.05,6.05,35456200
12/4/2018,4.93,5.18,4.42,4.51,4.51,30113200
12/6/2018,3.9,5.59,3.75,5.54,5.54,30813200
12/7/2018,6.25,6.59,4.96,5.23,5.23,29883400
12/10/2018,5.6,5.88,5.26,5.61,5.61,9210800
12/11/2018,5.78,6.279,5.65,6.14,6.14,9860400
12/12/2018,6.1,6.29,5.78,5.81,5.81,9525300
12/13/2018,5.71,5.76,5.16,5.23,5.23,7068500
12/14/2018,5.12,5.79,4.85,5.6,5.6,6918000
12/17/2018,5.48,5.74,5.3,5.43,5.43,3776900
12/18/2018,5.61,6.17,5.58,5.85,5.85,12729400
12/19/2018,5.91,5.95,5.36,5.4,5.4,7054000
12/20/2018,5.49,5.6,5.07,5.23,5.23,4926500
12/21/2018,5.34,5.34,4.7,4.85,4.85,6928200
12/24/2018,4.55,5.67,4.55,5.55,5.55,7186800
12/26/2018,5.69,6.1,5.6,5.82,5.82,6968700
12/27/2018,5.62,5.75,5.31,5.57,5.57,8682000
12/28/2018,6.33,6.37,5.9,6.26,6.26,22919000
12/31/2018,5.92,6.1,5.6,5.69,5.69,9536100
1/2/2019,5.64,6.19,5.45,6.01,6.01,7715400
1/3/2019,5.96,6.13,5.85,5.97,5.97,3611500
1/4/2019,6.15,6.16,5.97,6.04,6.04,3693700
1/7/2019,6.25,6.47,6.09,6.41,6.41,6054100
1/8/2019,6.57,6.57,6.06,6.33,6.33,6102000
1/9/2019,6.38,6.9,6.25,6.79,6.79,7266900
1/10/2019,6.69,6.98,6.41,6.58,6.58,9513100
1/11/2019,6.43,7.2,6.39,6.92,6.92,16447400
1/14/2019,7.03,7.14,6.83,7.05,7.05,6629600
1/15/2019,7.05,7.12,6.6,6.7,6.7,6379400
1/16/2019,6.75,6.87,6.49,6.65,6.65,3926400
1/17/2019,6.46,6.59,6.3,6.48,6.48,2480100
1/18/2019,6.55,6.696,6.24,6.68,6.68,3951600
1/22/2019,7.2,7.44,6.95,7.08,7.08,9553700
1/23/2019,6.92,7.25,6.782,6.92,6.92,5486000
1/24/2019,6.87,7.04,6.844,6.94,6.94,2325800
1/25/2019,7.09,7.31,6.98,7.16,7.16,4081000
1/28/2019,7.11,7.53,6.98,7.37,7.37,5946400
1/29/2019,7.43,7.58,7.16,7.27,7.27,4103400
1/30/2019,7.4,7.75,7.27,7.66,7.66,5258800
1/31/2019,7.76,8.93,7.67,8.74,8.74,13814600
2/1/2019,9.05,10,8.9,9.62,9.62,28688800
2/4/2019,10.1,10.95,10,10.84,10.84,29816100
2/5/2019,10.86,10.89,9.25,10.71,10.71,23139300
2/6/2019,10.02,10.3,9.5,9.7,9.7,11954700
2/7/2019,9.3,9.89,9.07,9.57,9.57,9279900
2/8/2019,9.71,9.77,9.13,9.43,9.43,6671300
2/11/2019,9.42,9.47,8.312,8.38,8.38,10679000
2/12/2019,8.19,9.2,8.08,9.05,9.05,9976900
2/13/2019,9.21,9.5,9.084,9.24,9.24,7494800
2/14/2019,9.1,9.28,8.9,9.09,9.09,4356500
2/15/2019,9.69,9.91,9.33,9.6,9.6,9284800
2/19/2019,9.5,9.77,9.46,9.71,9.71,4898000
2/20/2019,9.7,10.22,9.58,10.15,10.15,7884500
2/21/2019,10.27,10.53,10.2,10.38,10.38,7401200
2/22/2019,10.48,10.59,9.82,10.18,10.18,8437400
2/25/2019,10.09,10.11,9.61,9.69,9.69,6549800
2/26/2019,9.82,10.32,9.72,10.32,10.32,7532500
2/27/2019,10.26,10.35,9.93,10.19,10.19,4930700
2/28/2019,10.16,10.56,10.06,10.36,10.36,7386400
3/1/2019,10.41,10.453,10.03,10.14,10.14,4335800
3/4/2019,10.47,10.68,10.11,10.42,10.42,7196400
3/5/2019,10.34,10.52,10.21,10.37,10.37,5539500
3/6/2019,10.32,10.53,9.961,10.08,10.08,5587900
3/7/2019,10.05,10.12,9.53,9.61,9.61,5461700
3/8/2019,9.3,9.55,9.15,9.55,9.55,4294700
3/11/2019,9.56,9.79,9.46,9.76,9.76,2708000
3/12/2019,9.61,9.86,9.53,9.59,9.59,3484200
3/13/2019,9.7,9.82,9.523,9.6,9.6,3707300
3/14/2019,9.5,9.58,9.38,9.52,9.52,2424700
3/15/2019,9.4,9.625,9.36,9.6,9.6,3154100
3/18/2019,9.5,10.3,9.5,10.24,10.24,8990500
3/19/2019,10.49,10.67,10.11,10.41,10.41,7985500
3/20/2019,10.18,10.34,9.99,10.12,10.12,4651100
3/21/2019,9.99,10.16,9.8,10.06,10.06,3169100
3/22/2019,9.89,9.948,9.45,9.53,9.53,4288900
3/25/2019,9.5,9.72,9.25,9.66,9.66,3892700
3/26/2019,9.73,9.83,9.56,9.65,9.65,2858000
3/27/2019,9.67,9.68,9.07,9.2,9.2,3302300
3/28/2019,9.12,9.4,8.735,9.17,9.17,4255900
3/29/2019,9.2,9.41,9.052,9.32,9.32,2837900
4/1/2019,9.44,9.975,9.36,9.94,9.94,4890400
4/2/2019,9.85,10.17,8.99,9.8,9.8,4528700
4/3/2019,9.74,9.99,9.63,9.8,9.8,3921000
4/4/2019,9.76,10.02,9.76,9.93,9.93,3826500
4/5/2019,10.01,10.14,9.96,10.08,10.08,3265700
4/8/2019,10.03,10.085,9.86,10,10,2673200
4/9/2019,9.87,9.906,9.535,9.67,9.67,2973300
4/10/2019,9.62,10.04,9.562,10.02,10.02,2667300
4/11/2019,9.92,10.03,9.65,9.81,9.81,2774900
4/12/2019,9.85,10.115,9.85,10.1,10.1,4705300
4/15/2019,8.74,9.13,8.48,8.6,8.6,13491900
4/16/2019,8.67,8.916,8.66,8.69,8.69,3337500
4/17/2019,8.46,8.5,7.8,7.82,7.82,15265400
4/18/2019,8.03,8.04,7.55,7.65,7.65,10335100
4/22/2019,7.6,7.92,7.58,7.86,7.86,6290000
4/23/2019,7.85,7.92,7.72,7.81,7.81,3996300
4/24/2019,7.78,7.91,7.76,7.8,7.8,3433600
4/25/2019,7.81,7.82,7.6,7.66,7.66,3220100
4/26/2019,7.71,7.74,7.52,7.55,7.55,3732700
4/29/2019,7.55,7.55,7.34,7.39,7.39,4115100
4/30/2019,7.35,7.67,7.33,7.63,7.63,4990100
5/1/2019,7.65,7.65,7.4,7.47,7.47,2758100
5/2/2019,7.4,7.4,6.97,7.13,7.13,4996600
5/3/2019,7.16,7.35,6.93,6.94,6.94,5672200
5/6/2019,6.76,6.9,6.66,6.89,6.89,3851500
5/7/2019,6.84,6.84,6.61,6.67,6.67,4377700
5/8/2019,6.65,7.15,6.61,6.94,6.94,4116900
5/9/2019,6.88,6.944,6.67,6.74,6.74,2898900
5/10/2019,6.75,7.22,6.74,7.22,7.22,5755300
5/13/2019,7.02,7.07,6.68,6.76,6.76,4417100
5/14/2019,6.85,7.08,6.8,6.95,6.95,3464600
5/15/2019,6.87,7.052,6.79,7.03,7.03,2958400
5/16/2019,6.99,7.13,6.93,6.93,6.93,2953800
5/17/2019,6.97,7,6.8,6.83,6.83,2337200
5/20/2019,6.8,6.8,6.62,6.63,6.63,1968200
5/21/2019,6.8,7.08,6.77,6.83,6.83,2849100
5/22/2019,6.82,6.9,6.712,6.74,6.74,1877900
5/23/2019,6.66,6.682,6.38,6.41,6.41,2691500
5/24/2019,6.71,7.43,6.64,7.35,7.35,12820900
5/28/2019,7.67,7.68,7.1,7.24,7.24,8507300
5/29/2019,7.07,7.09,6.88,7,7,4510100
5/30/2019,7,7.18,6.8,6.91,6.91,3929900
5/31/2019,6.83,6.83,6.526,6.59,6.59,4074900
6/3/2019,6.64,6.77,6.29,6.33,6.33,5513500
6/4/2019,6.43,6.82,6.42,6.82,6.82,3601100
6/5/2019,7.02,7.02,6.59,6.71,6.71,3710500
6/6/2019,6.73,6.9,6.57,6.89,6.89,3077100
6/7/2019,6.95,7.482,6.93,7.27,7.27,8060100
6/10/2019,7.45,7.6,7.4,7.44,7.44,3387300
6/11/2019,7.49,7.49,7.07,7.35,7.35,3550400
6/12/2019,7.17,7.42,7.115,7.23,7.23,3131400
6/13/2019,7.23,7.29,6.89,6.96,6.96,3247700
6/14/2019,6.9,6.91,6.74,6.79,6.79,2146400
6/17/2019,6.84,6.9,6.67,6.87,6.87,2113700
6/18/2019,6.88,6.96,6.77,6.81,6.81,2067500
6/19/2019,6.8,6.91,6.72,6.74,6.74,2575600
6/20/2019,6.83,6.87,6.7,6.72,6.72,2212100
6/21/2019,6.6,6.74,6.35,6.73,6.73,3843000
6/24/2019,6.73,7.21,6.637,7.11,7.11,5389100
6/25/2019,7.08,7.17,6.91,6.92,6.92,2532000
6/26/2019,7,7.035,6.91,6.98,6.98,1842900
6/27/2019,6.96,7.14,6.92,7.07,7.07,2339900
6/28/2019,7.08,7.17,6.95,7.01,7.01,2274500
7/1/2019,7.07,7.11,6.9,6.98,6.98,1630400
7/2/2019,6.98,7,6.81,6.84,6.84,1693500
7/3/2019,6.84,6.99,6.75,6.9,6.9,1668000
7/5/2019,6.87,6.9,6.77,6.85,6.85,1422300
7/8/2019,6.81,6.81,6.61,6.75,6.75,2692900
7/9/2019,6.65,6.82,6.56,6.75,6.75,2113300
7/10/2019,6.8,6.83,6.62,6.64,6.64,1454000
7/11/2019,6.64,6.7,6.51,6.55,6.55,2067500
7/12/2019,6.52,6.54,6.14,6.22,6.22,4110800
7/15/2019,6.13,6.345,6,6.29,6.29,2666100
7/16/2019,6.26,6.435,6.175,6.3,6.3,10756800
7/17/2019,6.36,6.68,6.32,6.56,6.56,2838400
7/18/2019,6.55,6.6,6.35,6.45,6.45,1809400
7/19/2019,6.41,6.5,6.35,6.39,6.39,1133300
7/22/2019,6.4,6.4,6.12,6.17,6.17,2250500
7/23/2019,6.2,6.23,6.05,6.17,6.17,1660700
7/24/2019,6.1,6.16,5.91,6.07,6.07,3021800
7/25/2019,6.06,6.23,5.79,5.84,5.84,2712100
7/26/2019,5.65,5.79,5.425,5.5,5.5,5235300
7/29/2019,5.5,5.54,5.215,5.35,5.35,3940000
7/30/2019,5.25,5.68,5.24,5.5,5.5,3320700
7/31/2019,5.55,5.61,5.37,5.38,5.38,3100300
8/1/2019,5.35,5.41,5.02,5.2,5.2,6313000
8/2/2019,6.74,7.45,6.3,7.33,7.33,34626900
8/5/2019,7.07,7.2,6.72,7.03,7.03,16352100
8/6/2019,7.25,7.6,6.835,7.18,7.18,15379100
8/7/2019,7.08,7.12,6.71,6.86,6.86,8077600
8/8/2019,6.99,7.02,6.56,6.7,6.7,5430400
8/9/2019,6.66,6.69,6.34,6.34,6.34,7330300
8/12/2019,6.32,6.57,6.21,6.555,6.555,3679500
8/13/2019,6.57,6.96,6.48,6.92,6.92,4511800
8/14/2019,6.7,6.74,6.382,6.39,6.39,5047200
8/15/2019,6.28,6.43,5.825,5.96,5.96,8381900
8/16/2019,6.06,6.27,6.01,6.18,6.18,3879400
8/19/2019,6.34,6.34,6.1,6.24,6.24,3477800
8/20/2019,6.21,6.35,6.12,6.25,6.25,2645000
8/21/2019,6.33,6.65,6.26,6.58,6.58,4222500
8/22/2019,6.6,6.72,6.41,6.51,6.51,3192700
8/23/2019,6.44,6.8,6.42,6.56,6.56,5435300
8/26/2019,6.66,6.66,6.224,6.41,6.41,3810800
8/27/2019,6.41,6.44,5.88,5.99,5.99,5359200
8/28/2019,5.92,6.25,5.79,6.22,6.22,4041200
8/29/2019,6.32,6.465,6.182,6.45,6.45,3620600
8/30/2019,6.47,6.53,6.25,6.26,6.26,3026100
9/3/2019,6.2,6.54,6.14,6.48,6.48,2411300
9/4/2019,6.58,6.77,6.4,6.74,6.74,3281700
9/5/2019,6.75,6.9,6.65,6.85,6.85,4002400
9/6/2019,6.85,7.14,6.77,7.06,7.06,4457300
9/9/2019,7.11,7.14,6.75,6.8,6.8,3279900
9/10/2019,6.75,7,6.63,6.99,6.99,2566000
9/11/2019,6.94,7.04,6.83,6.9,6.9,3067300
9/12/2019,6.75,6.86,6.62,6.65,6.65,2402200
9/13/2019,6.64,6.82,6.54,6.72,6.72,2680200
9/16/2019,6.62,6.75,6.578,6.61,6.61,2102200
9/17/2019,6.53,6.61,6.16,6.23,6.23,4094200
9/18/2019,6.25,6.35,6.12,6.28,6.28,2283500
9/19/2019,6.23,6.3,6.04,6.05,6.05,2339900
9/20/2019,6.05,6.221,5.93,6.16,6.16,2747800
9/23/2019,6.04,6.24,6.027,6.05,6.05,2478800
9/24/2019,6.06,6.08,5.66,5.7,5.7,4093500
9/25/2019,5.65,5.78,5.34,5.53,5.53,4624600
9/26/2019,5.67,5.706,5.44,5.64,5.64,3308700
9/27/2019,5.61,5.68,5.43,5.47,5.47,2801100
9/30/2019,5.45,5.47,5.1,5.19,5.19,4177200
10/1/2019,5.2,5.34,4.92,5.07,5.07,4669000
10/2/2019,5,5.42,4.85,5.17,5.17,8091500
10/3/2019,5.2,5.37,5.07,5.36,5.36,6429000
10/4/2019,5.44,5.53,5.29,5.36,5.36,2601200
10/7/2019,5.37,5.525,5.17,5.39,5.39,4532100
10/8/2019,5.25,5.365,5.08,5.3,5.3,4759100
10/9/2019,5.25,5.43,5.23,5.39,5.39,3428400
10/10/2019,5.22,5.25,4.44,4.62,4.62,12158300
10/11/2019,4.64,4.88,4.63,4.71,4.71,5686900
10/14/2019,4.73,4.75,4.23,4.36,4.36,10839900
10/15/2019,5.24,5.54,5.12,5.43,5.43,17662900
10/16/2019,5.3,5.3,4.85,4.86,4.86,11092500
10/17/2019,4.99,5.06,4.87,4.93,4.93,4009200
10/18/2019,4.95,4.95,4.63,4.75,4.75,5320600
10/21/2019,4.66,4.9,4.52,4.82,4.82,4862200
10/22/2019,4.82,4.885,4.701,4.86,4.86,3387000
10/23/2019,4.79,5.08,4.68,5.07,5.07,4641800
10/24/2019,5.08,5.15,4.94,5.14,5.14,4632600
10/25/2019,5.1,5.62,5.06,5.6,5.6,9017000
10/28/2019,5.62,5.7,5.26,5.26,5.26,4615900
10/29/2019,5.23,5.24,5.02,5.03,5.03,3548300
10/30/2019,5.01,5.18,5,5.05,5.05,2440700
10/31/2019,5.06,5.13,4.91,5,5,3009300
11/1/2019,5.01,5.2,4.94,5.19,5.19,2683800
11/4/2019,5.38,5.41,5.105,5.13,5.13,4582100
11/5/2019,5.17,5.29,5.035,5.14,5.14,3729200
11/6/2019,5.14,5.21,4.93,4.95,4.95,5162300
11/7/2019,5,5.05,4.8,4.82,4.82,3400400
11/8/2019,4.8,5.1,4.73,5.07,5.07,6785500
11/11/2019,5.05,5.08,4.91,4.97,4.97,3218500
11/12/2019,4.94,4.98,4.7,4.75,4.75,4145400
11/13/2019,4.75,4.785,4.42,4.46,4.46,5402800
11/14/2019,4.26,4.45,4.08,4.41,4.41,6180700
11/15/2019,4.23,4.44,4.23,4.25,4.25,3508300
11/18/2019,4.2,4.26,3.79,3.82,3.82,10128200
11/19/2019,3.76,4.44,3.76,4.31,4.31,6771700
11/20/2019,4.37,4.661,4.36,4.52,4.52,8093900
11/21/2019,4.73,5.185,4.62,4.95,4.95,10871100
11/22/2019,4.83,4.88,4.56,4.67,4.67,5272000
11/25/2019,4.75,4.89,4.546,4.56,4.56,3913400
11/26/2019,4.5,4.66,4.38,4.54,4.54,3630700
11/27/2019,4.61,4.74,4.54,4.71,4.71,2772000
11/29/2019,4.77,4.8,4.63,4.74,4.74,1265700
12/2/2019,4.75,4.79,4.6,4.65,4.65,2419300
12/3/2019,4.6,4.77,4.52,4.74,4.74,2053200
12/4/2019,4.77,4.86,4.66,4.67,4.67,2769000
12/5/2019,4.78,4.78,4.63,4.68,4.68,1880200
12/6/2019,4.67,4.74,4.636,4.72,4.72,1615800
12/9/2019,4.74,5.11,4.73,5.08,5.08,5659900
12/10/2019,5.02,5.09,4.87,4.95,4.95,4371500
12/11/2019,4.92,5.08,4.84,4.89,4.89,2517300
12/12/2019,4.97,5.32,4.86,5.27,5.27,5737200
12/13/2019,5.4,5.55,5.28,5.5,5.5,8686700
12/16/2019,5.5,5.61,5.27,5.31,5.31,4573300
12/17/2019,5.27,5.33,5.09,5.13,5.13,3970400
12/18/2019,5.1,5.14,4.76,4.78,4.78,7615500
12/19/2019,4.78,5.02,4.73,4.94,4.94,5061400
12/20/2019,4.91,5.04,4.84,4.99,4.99,3214800
12/23/2019,4.97,5.03,4.82,4.88,4.88,3645400
12/24/2019,4.84,5,4.79,4.98,4.98,2477500
12/26/2019,4.95,4.98,4.82,4.82,4.82,2352200
12/27/2019,4.85,4.95,4.78,4.9,4.9,3176200
12/30/2019,4.84,4.904,4.7,4.73,4.73,4850000
12/31/2019,4.7,5.28,4.641,5.22,5.22,9684000
1/2/2020,5.32,5.36,4.95,5,5,8346200
1/3/2020,4.98,5.11,4.9,4.96,4.96,3996100
1/6/2020,4.94,5.02,4.71,4.81,4.81,6829000
1/7/2020,4.78,4.83,4.66,4.71,4.71,3810900
1/8/2020,4.67,4.91,4.52,4.76,4.76,6541200
1/9/2020,4.8,4.88,4.69,4.83,4.83,4947000
1/10/2020,4.82,4.975,4.71,4.94,4.94,4065000
1/13/2020,4.98,5.49,4.81,5.45,5.45,10339400
1/14/2020,5.02,5.32,4.87,4.99,4.99,14732500
1/15/2020,5.1,5.48,5.06,5.24,5.24,9642600
1/16/2020,5.36,5.46,5.09,5.19,5.19,8242800
1/17/2020,5.16,5.33,5.08,5.27,5.27,6649800
1/21/2020,5.48,5.63,5.3,5.32,5.32,8544000
1/22/2020,5.4,5.835,5.32,5.71,5.71,12108400
1/23/2020,5.74,5.98,5.54,5.76,5.76,8403200
1/24/2020,6,6,5.21,5.27,5.27,15289800
1/27/2020,5.17,5.17,4.85,4.85,4.85,9703800
1/28/2020,4.96,5.05,4.81,5,5,6911000
1/29/2020,5.02,5.035,4.85,4.87,4.87,4644900
1/30/2020,4.85,4.91,4.74,4.81,4.81,5111100
1/31/2020,4.79,4.799,4.62,4.66,4.66,5307600
2/3/2020,4.68,4.78,4.57,4.6,4.6,4265800
2/4/2020,4.67,4.81,4.6,4.75,4.75,5267600
2/5/2020,4.8,4.845,4.59,4.61,4.61,4138600
2/6/2020,4.62,4.639,4.365,4.39,4.39,5596200
2/7/2020,4.25,4.32,4.09,4.22,4.22,6954700
2/10/2020,4.23,4.28,4.07,4.1,4.1,4297200
2/11/2020,4.13,4.39,4.07,4.24,4.24,6916000
2/12/2020,4.36,4.38,4.08,4.11,4.11,5709300
2/13/2020,4.11,4.24,4.04,4.16,4.16,4310900
2/14/2020,4.51,4.53,4.23,4.31,4.31,7046300
2/18/2020,4.29,4.35,4.21,4.22,4.22,4230000
2/19/2020,4.22,4.28,4.17,4.23,4.23,3135800
2/20/2020,4.22,4.46,4.21,4.26,4.26,5917600
2/21/2020,4.26,4.279,4.13,4.14,4.14,3835900
2/24/2020,3.98,4.025,3.82,3.92,3.92,6360200
2/25/2020,3.98,4,3.78,3.83,3.83,5396600
2/26/2020,3.78,3.95,3.78,3.82,3.82,5102700
2/27/2020,3.73,3.765,3.44,3.5,3.5,9157200
2/28/2020,3.39,3.66,3.31,3.66,3.66,6968000
3/2/2020,3.69,3.72,3.41,3.5,3.5,6945900
3/3/2020,3.42,3.55,3.25,3.32,3.32,4623700
3/4/2020,3.43,3.64,3.32,3.59,3.59,5462000
3/5/2020,3.5,3.52,3.35,3.35,3.35,3979100
3/6/2020,3.25,3.35,3.1,3.15,3.15,4653400
3/9/2020,2.83,3.08,2.73,2.84,2.84,4811400
3/10/2020,3.02,3.03,2.81,2.94,2.94,3146900
3/11/2020,2.89,2.99,2.69,2.7,2.7,4903900
3/12/2020,2.36,2.49,2.17,2.19,2.19,5973400
3/13/2020,2.35,2.37,2.06,2.25,2.25,5321200
3/16/2020,1.97,2.3,1.95,2.15,2.15,4125200
3/17/2020,2.2,2.31,2.02,2.16,2.16,3669800
3/18/2020,2.11,2.23,1.95,2.13,2.13,4451000
3/19/2020,2.18,2.55,2.07,2.36,2.36,7865100
3/20/2020,2.55,2.77,2.48,2.51,2.51,6219400
3/23/2020,2.74,2.74,2.47,2.54,2.54,4513100
3/24/2020,2.75,2.76,2.6,2.7,2.7,4430400
3/25/2020,2.75,3.06,2.65,2.93,2.93,6604800
3/26/2020,2.95,3.605,2.94,3.32,3.32,9640500
3/27/2020,3.41,3.52,3.23,3.29,3.29,6357100
3/30/2020,3.21,3.28,3.01,3.08,3.08,4064500
3/31/2020,3.02,3.249,2.96,3.06,3.06,4529400
4/1/2020,2.95,3.036,2.8,2.86,2.86,3154600
4/2/2020,2.87,3.035,2.8,2.89,2.89,3796800
4/3/2020,2.92,2.97,2.79,2.82,2.82,2788500
4/6/2020,2.96,3.16,2.89,3,3,4011700
4/7/2020,3.22,3.247,2.97,3.04,3.04,4543500
4/8/2020,3.06,3.23,2.99,3.19,3.19,5248600
4/9/2020,3.25,3.29,3.105,3.2,3.2,3629700
4/13/2020,3.22,3.48,3.15,3.47,3.47,6370100
4/14/2020,3.61,3.75,3.5,3.64,3.64,7884400
4/15/2020,4.24,4.3,3.64,3.77,3.77,22135800
4/16/2020,3.82,3.87,3.39,3.57,3.57,10641900
4/17/2020,3.7,3.79,3.58,3.6,3.6,6960800
4/20/2020,3.54,3.57,3.35,3.44,3.44,13964600
4/21/2020,3.33,3.41,3.23,3.29,3.29,5181500
4/22/2020,3.33,3.38,3.23,3.28,3.28,5507200
4/23/2020,3.29,3.4,3.26,3.4,3.4,5868400
4/24/2020,3.4,3.55,3.31,3.54,3.54,4595300
4/27/2020,3.64,3.88,3.595,3.74,3.74,10722100
4/28/2020,3.85,3.87,3.57,3.63,3.63,6781000
4/29/2020,3.69,3.75,3.62,3.67,3.67,4112600
4/30/2020,3.65,3.69,3.53,3.59,3.59,3856500
5/1/2020,3.52,3.52,3.32,3.39,3.39,4206800
5/4/2020,3.4,3.58,3.33,3.56,3.56,4188600
5/5/2020,3.6,3.735,3.575,3.6,3.6,6225400
5/6/2020,3.7,3.72,3.625,3.64,3.64,3472600
5/7/2020,3.65,3.78,3.64,3.69,3.69,3039800
5/8/2020,3.6,3.65,3.4,3.44,3.44,9948200
5/11/2020,3.45,3.45,3.22,3.26,3.26,9185700
5/12/2020,3.26,3.35,3.17,3.19,3.19,4975500
5/13/2020,3.17,3.18,2.91,2.96,2.96,7373400
5/14/2020,2.88,3.13,2.78,3.02,3.02,6112200
5/15/2020,3.15,3.39,3.06,3.36,3.36,11101600
5/18/2020,3.51,3.69,3.45,3.58,3.58,8210400
5/19/2020,3.67,3.67,3.39,3.54,3.54,8254900
5/20/2020,3.6,3.63,3.47,3.63,3.63,6656500
5/21/2020,3.65,3.99,3.61,3.95,3.95,13660100
5/22/2020,3.96,4.09,3.725,4.04,4.04,13846500
5/26/2020,4.26,4.33,4.02,4.22,4.22,12922400
5/27/2020,4.27,4.3,3.96,4.19,4.19,9586000
5/28/2020,4.2,4.53,4.12,4.31,4.31,9854400
5/29/2020,4.08,4.27,4,4.23,4.23,7138400
6/1/2020,4.2,4.53,4.15,4.44,4.44,8070400
6/2/2020,4.49,4.57,4.35,4.5,4.5,7644600
6/3/2020,4.52,4.62,4.44,4.46,4.46,6186000
6/4/2020,4.44,4.52,4.38,4.44,4.44,5350000
6/5/2020,4.52,4.52,4.33,4.39,4.39,6076800
6/8/2020,4.42,5.01,4.41,4.98,4.98,11790400
6/9/2020,4.91,5.248,4.83,5.06,5.06,10777500
6/10/2020,5.15,5.2,4.86,4.92,4.92,7768300
6/11/2020,4.65,4.778,4.24,4.24,4.24,8973200
6/12/2020,4.52,4.53,4.25,4.33,4.33,4695800
6/15/2020,4.19,4.49,4.112,4.48,4.48,4414400
6/16/2020,4.63,4.64,4.41,4.48,4.48,5131000
6/17/2020,4.46,4.497,4.315,4.36,4.36,3467900
6/18/2020,4.37,4.56,4.31,4.49,4.49,3363600
6/19/2020,4.52,4.575,4.37,4.44,4.44,3440800
6/22/2020,4.4,4.45,4.35,4.45,4.45,2170300
6/23/2020,4.45,4.69,4.4,4.43,4.43,5908200
6/24/2020,4.43,4.485,4.18,4.28,4.28,5161300
6/25/2020,4.23,4.28,4.1,4.23,4.23,4186100
6/26/2020,4.18,4.19,4.02,4.07,4.07,3460700
6/29/2020,4.06,4.29,3.96,4.29,4.29,4141000
6/30/2020,4.28,4.36,4.18,4.29,4.29,3902800
7/1/2020,4.337,4.46,4.3,4.36,4.36,3711900
7/2/2020,4.39,4.42,4.3,4.3,4.3,2501900
7/6/2020,4.33,4.46,4.31,4.38,4.38,2977300
7/7/2020,4.38,4.4,4.31,4.33,4.33,2279400
7/8/2020,4.36,4.37,4.25,4.31,4.31,2488400
7/9/2020,4.33,4.36,4.115,4.19,4.19,3293600
7/10/2020,4.18,4.31,4.13,4.3,4.3,3688700
7/13/2020,4.48,4.98,4.4,4.68,4.68,13814700
7/14/2020,4.76,4.91,4.47,4.71,4.71,10412500
7/15/2020,4.8,5.11,4.71,5.07,5.07,12417100
7/16/2020,5.02,5.19,4.91,5.07,5.07,6136100
7/17/2020,5.15,5.338,5.08,5.1,5.1,7756400
7/20/2020,5.098,5.21,5.02,5.18,5.18,5056500
7/21/2020,5.16,5.29,5.14,5.23,5.23,4522700
7/22/2020,5.23,5.25,5.06,5.15,5.15,4711600
7/23/2020,5.17,5.22,5.03,5.13,5.13,4601100
7/24/2020,5.05,5.11,4.93,5.11,5.11,4049400
7/27/2020,5.19,5.84,5.19,5.74,5.74,14713300
7/28/2020,5.96,6.15,5.86,6,6,18963200
7/29/2020,5.32,5.47,4.85,4.85,4.85,26863000
7/30/2020,5.03,5.09,4.87,4.92,4.92,9252600
7/31/2020,4.91,5.018,4.59,4.775,4.775,11901300
8/3/2020,4.82,4.98,4.64,4.91,4.91,7549500
8/4/2020,4.95,4.965,4.785,4.89,4.89,8874800
8/5/2020,4.91,4.923,4.76,4.81,4.81,5776100
8/6/2020,4.76,4.79,4.63,4.66,4.66,4932000
8/7/2020,4.64,4.64,4.38,4.47,4.47,8439600
8/10/2020,4.64,4.67,4.508,4.63,4.63,5110700
8/11/2020,4.64,4.66,4.42,4.45,4.45,3819200
8/12/2020,4.48,4.535,4.4,4.51,4.51,3718400
8/13/2020,4.5,4.69,4.5,4.65,4.65,3952300
8/14/2020,4.67,4.68,4.48,4.49,4.49,6372200
8/17/2020,4.6,4.6,4.5,4.59,4.59,3429600
8/18/2020,4.58,4.68,4.52,4.67,4.67,3289100
8/19/2020,4.65,4.75,4.625,4.63,4.63,2853600
8/20/2020,4.6,4.63,4.53,4.57,4.57,2044800
8/21/2020,4.55,4.558,4.431,4.48,4.48,2655500
8/24/2020,4.496,4.56,4.39,4.55,4.55,2939300
8/25/2020,4.55,4.64,4.51,4.58,4.58,2554900
8/26/2020,4.59,4.63,4.54,4.57,4.57,2073000
8/27/2020,4.57,4.61,4.51,4.57,4.57,2079400
8/28/2020,4.56,4.84,4.55,4.69,4.69,7296800
8/31/2020,4.7,4.9,4.632,4.87,4.87,4531300
9/1/2020,4.84,4.87,4.73,4.78,4.78,3143100
9/2/2020,4.74,4.79,4.67,4.72,4.72,2573800
9/3/2020,4.68,4.83,4.58,4.7,4.7,3284100
9/4/2020,4.65,4.708,4.375,4.59,4.59,3697200
9/8/2020,4.47,4.57,4.4,4.44,4.44,2779800
9/9/2020,4.49,4.585,4.47,4.51,4.51,2893200
9/10/2020,4.53,4.728,4.53,4.63,4.63,4422300
9/11/2020,4.67,4.67,4.47,4.5,4.5,3136200
9/14/2020,4.55,4.67,4.485,4.65,4.65,2521800
9/15/2020,4.68,4.75,4.64,4.64,4.64,1883600
9/16/2020,4.66,4.74,4.63,4.63,4.63,2279300
9/17/2020,4.61,4.66,4.53,4.66,4.66,1672700
9/18/2020,4.65,4.7,4.56,4.68,4.68,1889900
9/21/2020,4.56,4.59,4.4,4.44,4.44,3691800
9/22/2020,4.47,4.56,4.38,4.54,4.54,2802800
9/23/2020,4.5,4.5,4.326,4.44,4.44,5572600
9/24/2020,4.324,4.35,4.17,4.22,4.22,4195900
9/25/2020,4.22,4.28,4.17,4.23,4.23,1974300
9/28/2020,4.26,4.32,4.21,4.31,4.31,2082000
9/29/2020,4.3,4.44,4.27,4.34,4.34,2929900
9/30/2020,4.349,4.49,4.33,4.43,4.43,2301400
10/1/2020,4.45,4.47,4.365,4.4,4.4,1819900
10/2/2020,4.29,4.418,4.28,4.41,4.41,1747300
10/5/2020,4.47,5.04,4.45,5.03,5.03,10130500
10/6/2020,5.11,5.22,4.86,4.91,4.91,6544800
10/7/2020,5,5.15,4.98,5.14,5.14,5290900
10/8/2020,5.24,5.84,5.21,5.67,5.67,13988800
10/9/2020,5.8,5.88,5.44,5.75,5.75,11924000
10/12/2020,5.75,6.44,5.74,6.37,6.37,16317500
10/13/2020,6.06,6.32,5.91,6.1,6.1,11556500
10/14/2020,6.11,6.22,5.8,5.88,5.88,11395100
10/15/2020,5.34,5.383,4.71,4.8,4.8,26130400
10/16/2020,4.88,4.91,4.64,4.65,4.65,7710300
10/19/2020,4.64,4.86,4.54,4.68,4.68,10372600
10/20/2020,4.71,4.72,4.42,4.65,4.65,8385300
10/21/2020,4.68,4.8,4.6,4.68,4.68,7999500
10/22/2020,4.668,4.75,4.59,4.68,4.68,4412800
10/23/2020,4.7,4.71,4.54,4.55,4.55,3989100
10/26/2020,4.54,4.66,4.51,4.57,4.57,4966700
10/27/2020,4.56,4.74,4.55,4.68,4.68,3657200
10/28/2020,4.54,4.57,4.4,4.425,4.425,5200800
10/29/2020,4.45,4.51,4.37,4.49,4.49,4187200
10/30/2020,4.441,4.5,4.31,4.5,4.5,4090900
11/2/2020,4.54,5.11,4.53,5.03,5.03,11765900
11/3/2020,5.16,5.17,4.81,4.99,4.99,9284700
11/4/2020,4.87,5.049,4.65,4.97,4.97,8954100
11/5/2020,5.554,5.65,5.21,5.46,5.46,21475200
11/6/2020,5.83,6.13,5.37,5.5,5.5,41000900
11/9/2020,6.27,6.29,5.52,5.54,5.54,23889400
11/10/2020,5.45,5.59,5.18,5.53,5.53,14708600
11/11/2020,5.445,5.72,5.28,5.55,5.55,9399600
11/12/2020,5.47,5.69,5.4,5.43,5.43,7397500
11/13/2020,5.525,5.78,5.45,5.66,5.66,18084400
11/16/2020,5.75,5.855,5.66,5.8,5.8,6048600
11/17/2020,5.762,6.13,5.74,6.07,6.07,10526900
11/18/2020,6.14,6.6,6.14,6.35,6.35,19185100
11/19/2020,6.4,6.47,5.92,6.12,6.12,11652600
11/20/2020,6.14,6.27,6.06,6.13,6.13,7107700
11/23/2020,6.25,6.445,6.15,6.36,6.36,7374900
11/24/2020,6.75,6.9,6.59,6.85,6.85,13470900
11/25/2020,6.75,7.18,6.72,7.01,7.01,11097600
11/27/2020,7.3,7.78,7.27,7.73,7.73,12193200
11/30/2020,8.12,8.68,7.85,8.38,8.38,27047900
12/1/2020,8.65,8.68,7.61,7.65,7.65,22265100
12/2/2020,7.58,8.38,7.5,8.3,8.3,17543800
12/3/2020,8.32,8.56,8.02,8.42,8.42,11800600
12/4/2020,8.64,8.88,8.4,8.49,8.49,16163700
12/7/2020,8.44,8.57,7.97,8.27,8.27,10492900
12/8/2020,8.15,8.5,8.141,8.42,8.42,8799400
12/9/2020,8.465,8.54,7.81,8.05,8.05,10629200
12/10/2020,7.902,8.256,7.87,8.21,8.21,6336000
12/11/2020,8.11,8.22,7.92,7.97,7.97,5798900
12/14/2020,8.15,8.24,7.84,7.88,7.88,6397700
12/15/2020,7.932,8.13,7.72,8.12,8.12,11550800
12/16/2020,8.62,8.65,8.01,8.05,8.05,37297000
12/17/2020,7.99,8.08,7.571,7.61,7.61,18955700
12/18/2020,7.6,7.88,7.57,7.65,7.65,8211000
12/21/2020,7.4,7.56,7.071,7.21,7.21,10122200
12/22/2020,7.27,7.35,7.03,7.12,7.12,7042400
12/23/2020,7.12,7.5,6.95,7.42,7.42,9707900
12/24/2020,7.42,7.44,7.07,7.13,7.13,4777600
12/28/2020,7.22,7.22,6.84,6.86,6.86,6502400
12/29/2020,6.872,7.03,6.65,6.82,6.82,6114100
12/30/2020,6.83,7.19,6.813,7.06,7.06,6185100
12/31/2020,7.072,7.09,6.89,6.92,6.92,5089200
1/4/2021,7.01,7.43,7,7.3,7.3,9712200
1/5/2021,7.37,7.61,7.26,7.5,7.5,7701800
1/6/2021,8.15,8.77,7.98,8.39,8.39,27176300
1/7/2021,8.77,9.39,8.55,8.59,8.59,21567900
1/8/2021,8.72,8.75,8.24,8.57,8.57,10945200
1/11/2021,8.55,9.15,8.46,9.05,9.05,13724700
1/12/2021,9.15,9.525,9.01,9.43,9.43,13366600
1/13/2021,9.52,10.28,9.36,10,10,24461200
1/14/2021,10.72,12.18,10.58,12.11,12.11,45463000
1/15/2021,13.75,14.01,12.27,12.42,12.42,53791400
1/19/2021,13,13.64,12.01,13.61,13.61,28398200
1/20/2021,13.35,13.886,12.89,13.07,13.07,16925800
1/21/2021,12.91,13.1,12.22,12.68,12.68,18062400
1/22/2021,12.13,13.025,12.08,12.92,12.92,11283800
1/25/2021,12.88,13.1,11.88,12.01,12.01,16034400
1/26/2021,12.14,13.232,12.1,12.97,12.97,18300800
1/27/2021,12.36,13.41,12.23,13.01,13.01,16783800
1/28/2021,12.95,13.679,12.76,12.96,12.96,13772800
1/29/2021,12.92,13.13,12.09,12.18,12.18,19045500
2/1/2021,12.4,12.63,12.12,12.5,12.5,9737300
2/2/2021,12.85,14.96,12.7,14.74,14.74,30028500
2/3/2021,15.58,17.5,15.15,16.6,16.6,46917900
2/4/2021,16.5,17.18,15.65,16.440001,16.440001,19398900
2/5/2021,16.84,17.200001,16.25,16.67,16.67,14259800
