Date,Price,Volume,Change
5/1/2015,235,8703583,0.91%
5/2/2015,240,13389154,1.94%
5/3/2015,239,16599244,-0.43%
5/4/2015,236,18333196,-1.34%
5/5/2015,230,24127653,-2.52%
5/6/2015,238,21315971,3.24%
5/7/2015,244,21226001,2.47%
5/8/2015,241,15281109,-0.97%
5/9/2015,240,10634290,-0.60%
5/10/2015,242,13819531,0.77%
5/11/2015,242,9712214,-0.10%
5/12/2015,236,20329395,-2.20%
5/13/2015,237,16833657,0.22%
5/14/2015,237,10932777,0.13%
5/15/2015,236,6415070,-0.41%
5/16/2015,236,6738302,0.03%
5/17/2015,233,12516261,-1.57%
5/18/2015,232,9550029,-0.27%
5/19/2015,234,11626735,0.83%
5/20/2015,235,10114419,0.60%
5/21/2015,240,17630641,2.08%
5/22/2015,239,8659651,-0.60%
5/23/2015,241,7278252,0.85%
5/24/2015,237,6301301,-1.50%
5/25/2015,238,8842431,0.18%
5/26/2015,237,11445502,-0.23%
5/27/2015,237,8508673,0.01%
5/28/2015,237,9241377,-0.12%
5/29/2015,233,9738568,-1.63%
5/30/2015,230,9036625,-1.47%
5/31/2015,223,19658920,-3.00%
6/1/2015,226,13666050,1.15%
6/2/2015,226,12279839,-0.07%
6/3/2015,224,9934191,-0.61%
6/4/2015,225,12703848,0.47%
6/5/2015,225,5074898,-0.24%
6/6/2015,223,9097310,-0.57%
6/7/2015,229,16824026,2.23%
6/8/2015,230,12617632,0.43%
6/9/2015,229,9556658,-0.34%
6/10/2015,230,8745318,0.47%
6/11/2015,230,9406857,0.25%
6/12/2015,232,8803491,0.87%
6/13/2015,234,7700054,0.54%
6/14/2015,237,15006949,1.37%
6/15/2015,250,29956654,5.13%
6/16/2015,247,30652977,-0.99%
6/17/2015,248,19421568,0.43%
6/18/2015,244,20914718,-1.77%
6/19/2015,245,12470599,0.35%
6/20/2015,244,6140998,-0.36%
6/21/2015,247,11713076,1.36%
6/22/2015,244,9432470,-1.52%
6/23/2015,241,11415710,-1.33%
6/24/2015,243,9791298,0.82%
6/25/2015,243,9112157,0.16%
6/26/2015,251,13525814,3.10%
6/27/2015,249,9955672,-0.74%
6/28/2015,257,23504773,3.15%
6/29/2015,264,30621603,2.71%
6/30/2015,258,17316801,-2.52%
7/1/2015,255,11560215,-1.08%
7/2/2015,255,9335969,0.20%
7/3/2015,261,8502001,1.98%
7/4/2015,270,12906220,3.55%
7/5/2015,269,14242625,-0.39%
7/6/2015,266,11104557,-1.08%
7/7/2015,269,12157995,0.90%
7/8/2015,269,13058351,0.19%
7/9/2015,284,33254590,5.11%
7/10/2015,292,13584989,2.86%
7/11/2015,310,36866128,5.95%
7/12/2015,290,42741264,-6.92%
7/13/2015,287,17635929,-1.18%
7/14/2015,283,17274149,-1.25%
7/15/2015,277,34155565,-2.47%
7/16/2015,280,17217353,1.08%
7/17/2015,274,15358107,-2.03%
7/18/2015,273,8322466,-0.32%
7/19/2015,278,12900610,1.62%
7/20/2015,275,13667891,-0.94%
7/21/2015,276,11596311,0.50%
7/22/2015,276,9870635,-0.34%
7/23/2015,288,21095042,4.46%
7/24/2015,289,12024890,0.13%
7/25/2015,292,9038051,1.04%
7/26/2015,293,20358326,0.42%
7/27/2015,294,14466428,0.23%
7/28/2015,288,14738217,-1.85%
7/29/2015,287,12888681,-0.47%
7/30/2015,284,14019071,-1.16%
7/31/2015,280,11068827,-1.16%
8/1/2015,281,9978638,0.32%
8/2/2015,282,13006246,0.08%
8/3/2015,284,12732203,0.96%
8/4/2015,282,10854754,-0.92%
8/5/2015,278,9319083,-1.34%
8/6/2015,278,11919665,-0.04%
8/7/2015,259,22308124,-7.46%
8/8/2015,264,15154749,2.00%
8/9/2015,263,12873442,-0.22%
8/10/2015,269,13681940,2.13%
8/11/2015,268,15232934,-0.51%
8/12/2015,263,14962212,-1.60%
8/13/2015,265,13899140,0.60%
8/14/2015,261,10303301,-1.73%
8/15/2015,257,17880399,-1.32%
8/16/2015,257,12378055,0.00%
8/17/2015,247,23896057,-4.22%
8/18/2015,226,55514712,-9.17%
8/19/2015,235,21225055,3.69%
8/20/2015,232,13485729,-0.97%
8/21/2015,230,16976923,-1.25%
8/22/2015,227,11204081,-1.23%
8/23/2015,211,43008579,-7.25%
8/24/2015,221,40651750,4.12%
8/25/2015,225,20986286,1.98%
8/26/2015,223,13631111,-1.01%
8/27/2015,232,20751420,3.85%
8/28/2015,229,10072201,-1.37%
8/29/2015,228,9118089,-0.04%
8/30/2015,229,12521966,0.47%
8/31/2015,227,15206241,-1.01%
9/1/2015,229,13443781,0.63%
9/2/2015,226,12337406,-1.07%
9/3/2015,230,14174313,1.76%
9/4/2015,234,11253258,1.46%
9/5/2015,240,15939620,2.58%
9/6/2015,240,13744695,-0.12%
9/7/2015,243,18605472,1.50%
9/8/2015,237,16636259,-2.46%
9/9/2015,238,14447607,0.28%
9/10/2015,240,10992443,0.76%
9/11/2015,236,10407179,-1.83%
9/12/2015,230,11983360,-2.35%
9/13/2015,230,14070910,-0.12%
9/14/2015,230,11425472,-0.17%
9/15/2015,229,11866728,-0.41%
9/16/2015,233,12975914,1.77%
9/17/2015,232,12397852,-0.22%
9/18/2015,231,8004104,-0.48%
9/19/2015,231,7676870,-0.01%
9/20/2015,226,12180039,-2.10%
9/21/2015,230,16390022,1.60%
9/22/2015,230,10064288,-0.05%
9/23/2015,234,16797645,1.66%
9/24/2015,235,14510988,0.54%
9/25/2015,234,9449846,-0.31%
9/26/2015,233,8429803,-0.77%
9/27/2015,239,15282769,2.67%
9/28/2015,237,13637646,-0.91%
9/29/2015,236,11946865,-0.33%
9/30/2015,237,12534483,0.47%
10/1/2015,237,11378442,-0.14%
10/2/2015,239,10338780,0.78%
10/3/2015,238,7618430,-0.10%
10/4/2015,240,14631929,0.76%
10/5/2015,246,19242190,2.43%
10/6/2015,243,15363143,-1.30%
10/7/2015,243,10762328,-0.16%
10/8/2015,244,9897715,0.60%
10/9/2015,245,9547125,0.53%
10/10/2015,248,10232455,0.93%
10/11/2015,245,9961674,-0.94%
10/12/2015,249,18553307,1.38%
10/13/2015,252,17511357,1.41%
10/14/2015,254,15465024,0.83%
10/15/2015,263,24886163,3.21%
10/16/2015,270,30715446,2.49%
10/17/2015,262,13921234,-3.02%
10/18/2015,264,15352671,0.81%
10/19/2015,270,20200355,2.20%
10/20/2015,267,16006977,-0.99%
10/21/2015,274,25481883,2.66%
10/22/2015,277,19221822,0.90%
10/23/2015,283,16875626,2.00%
10/24/2015,288,32946170,1.84%
10/25/2015,285,20794050,-0.95%
10/26/2015,295,31003938,3.23%
10/27/2015,304,35117113,2.93%
10/28/2015,314,43194879,3.22%
10/29/2015,327,50796456,4.12%
10/30/2015,311,33762428,-5.10%
10/31/2015,323,23427550,3.63%
11/1/2015,359,76864059,10.11%
11/2/2015,396,163481626,9.38%
11/3/2015,401,229673024,1.10%
11/4/2015,383,121763708,-4.75%
11/5/2015,370,94921694,-3.49%
11/6/2015,385,39495095,3.97%
11/7/2015,372,35907982,-3.64%
11/8/2015,380,47074441,2.28%
11/9/2015,337,74896052,-12.93%
11/10/2015,305,83078427,-10.50%
11/11/2015,334,54120828,8.73%
11/12/2015,334,32480299,-0.02%
11/13/2015,332,23836098,-0.60%
11/14/2015,317,28640664,-4.51%
11/15/2015,330,28260518,3.86%
11/16/2015,334,32944787,1.11%
11/17/2015,336,26194853,0.60%
11/18/2015,325,28543062,-3.37%
11/19/2015,321,35090324,-1.20%
11/20/2015,325,14652997,1.10%
11/21/2015,323,11915632,-0.59%
11/22/2015,322,13839024,-0.20%
11/23/2015,318,16282941,-1.18%
11/24/2015,328,25200935,2.80%
11/25/2015,354,73395833,7.41%
11/26/2015,360,36955394,1.61%
11/27/2015,356,19988111,-1.04%
11/28/2015,371,24546100,4.05%
11/29/2015,378,48913368,1.89%
11/30/2015,362,40821471,-4.47%
12/1/2015,360,32881089,-0.51%
12/2/2015,360,31673283,0.09%
12/3/2015,362,21820610,0.38%
12/4/2015,387,43438102,6.47%
12/5/2015,393,52068577,1.70%
12/6/2015,394,38102879,0.23%
12/7/2015,411,29543120,3.99%
12/8/2015,416,61289839,1.28%
12/9/2015,415,29794271,-0.12%
12/10/2015,450,76433917,7.63%
12/11/2015,432,91838641,-4.06%
12/12/2015,435,27898251,0.55%
12/13/2015,442,97068569,1.65%
12/14/2015,463,48912228,4.46%
12/15/2015,454,84336145,-1.91%
12/16/2015,456,29344348,0.34%
12/17/2015,463,38425211,1.65%
12/18/2015,461,28327900,-0.43%
12/19/2015,442,54316485,-4.40%
12/20/2015,438,53270216,-0.96%
12/21/2015,437,28845536,-0.13%
12/22/2015,442,27877349,1.22%
12/23/2015,453,36096662,2.33%
12/24/2015,454,19251959,0.24%
12/25/2015,415,88564771,-9.31%
12/26/2015,422,28259303,1.66%
12/27/2015,422,28978640,-0.15%
12/28/2015,432,30163446,2.35%
12/29/2015,427,29289417,-1.12%
12/30/2015,430,27758279,0.65%
12/31/2015,434,20334287,0.93%
1/1/2016,434,14566821,-0.06%
1/2/2016,431,23490163,-0.70%
1/3/2016,433,22943968,0.60%
1/4/2016,431,19499589,-0.49%
1/5/2016,431,18702335,-0.09%
1/6/2016,457,58253615,5.74%
1/7/2016,453,41594025,-0.92%
1/8/2016,448,17967114,-1.02%
1/9/2016,446,19778457,-0.48%
1/10/2016,448,25358481,0.34%
1/11/2016,445,19913401,-0.60%
1/12/2016,432,39525195,-2.98%
1/13/2016,429,19948731,-0.71%
1/14/2016,372,107060613,-15.28%
1/15/2016,385,68297106,3.32%
1/16/2016,382,25464382,-0.67%
1/17/2016,384,26546466,0.50%
1/18/2016,379,25417877,-1.30%
1/19/2016,415,76873917,8.47%
1/20/2016,410,37264942,-1.06%
1/21/2016,383,56548790,-7.21%
1/22/2016,389,23908534,1.53%
1/23/2016,402,25770176,3.36%
1/24/2016,393,26793045,-2.39%
1/25/2016,390,22384755,-0.76%
1/26/2016,395,17297117,1.33%
1/27/2016,380,29717813,-4.04%
1/28/2016,380,51927042,0.16%
1/29/2016,378,13720657,-0.67%
1/30/2016,370,14718856,-2.14%
1/31/2016,372,27728089,0.63%
2/1/2016,374,19123252,0.47%
2/2/2016,368,22266682,-1.60%
2/3/2016,391,38961905,5.79%
2/4/2016,386,23688228,-1.08%
2/5/2016,377,29801287,-2.60%
2/6/2016,378,15395728,0.33%
2/7/2016,373,23424063,-1.43%
2/8/2016,375,20801701,0.72%
2/9/2016,382,37137791,1.72%
2/10/2016,379,23858467,-0.64%
2/11/2016,384,20685663,1.20%
2/12/2016,390,18757146,1.55%
2/13/2016,406,29442485,3.80%
2/14/2016,401,34862754,-1.10%
2/15/2016,406,27726590,1.32%
2/16/2016,417,37559686,2.57%
2/17/2016,421,32541108,1.01%
2/18/2016,420,21991481,-0.34%
2/19/2016,440,48500794,4.56%
2/20/2016,438,44120521,-0.50%
2/21/2016,438,24563748,-0.02%
2/22/2016,420,39915706,-4.26%
2/23/2016,423,28041200,0.67%
2/24/2016,423,22692099,0.18%
2/25/2016,427,22642014,0.90%
2/26/2016,431,18543436,0.92%
2/27/2016,432,21876091,0.27%
2/28/2016,436,30077320,0.86%
2/29/2016,434,29312671,-0.50%
3/1/2016,425,24894312,-2.04%
3/2/2016,420,33188751,-1.38%
3/3/2016,409,31416610,-2.46%
3/4/2016,399,51725937,-2.63%
3/5/2016,406,25324456,1.71%
3/6/2016,415,25349628,2.15%
3/7/2016,412,22204518,-0.72%
3/8/2016,413,21035429,0.21%
3/9/2016,416,23114637,0.74%
3/10/2016,419,25469781,0.78%
3/11/2016,410,24660322,-2.13%
3/12/2016,412,14457108,0.50%
3/13/2016,414,20471910,0.46%
3/14/2016,415,20227611,0.20%
3/15/2016,416,18509954,0.19%
3/16/2016,418,18409341,0.54%
3/17/2016,408,27178166,-2.45%
3/18/2016,409,15084656,0.13%
3/19/2016,412,12577522,0.69%
3/20/2016,411,17735457,-0.10%
3/21/2016,416,20425092,1.23%
3/22/2016,417,16946522,0.18%
3/23/2016,415,16210673,-0.54%
3/24/2016,416,14431200,0.23%
3/25/2016,417,11696307,0.19%
3/26/2016,425,26137151,1.90%
3/27/2016,422,18410750,-0.56%
3/28/2016,415,28765857,-1.74%
3/29/2016,412,17890793,-0.62%
3/30/2016,416,17407273,0.77%
3/31/2016,416,15852511,0.00%
4/1/2016,419,13137340,0.69%
4/2/2016,419,9591215,0.13%
4/3/2016,419,14031940,0.06%
4/4/2016,422,17260368,0.65%
4/5/2016,421,13836755,-0.19%
4/6/2016,420,15200496,-0.27%
4/7/2016,418,19810838,-0.59%
4/8/2016,418,12291881,0.09%
4/9/2016,420,9806328,0.52%
4/10/2016,421,15374195,0.28%
4/11/2016,425,24580504,0.78%
4/12/2016,423,16183794,-0.30%
4/13/2016,424,13038971,0.13%
4/14/2016,429,23214560,1.08%
4/15/2016,430,12517266,0.32%
4/16/2016,426,10980868,-0.89%
4/17/2016,428,13951525,0.33%
4/18/2016,435,19713466,1.66%
4/19/2016,441,32655416,1.41%
4/20/2016,449,28168774,1.82%
4/21/2016,445,22225157,-0.91%
4/22/2016,450,18998212,1.07%
4/23/2016,458,33984269,1.63%
4/24/2016,462,37614685,0.90%
4/25/2016,466,31451239,0.92%
4/26/2016,447,41539685,-4.25%
4/27/2016,448,36369788,0.33%
4/28/2016,455,20264762,1.43%
4/29/2016,449,15994806,-1.44%
4/30/2016,452,9838491,0.82%
5/1/2016,444,32863012,-1.81%
5/2/2016,450,22292253,1.35%
5/3/2016,446,17676610,-1.00%
5/4/2016,448,18765369,0.51%
5/5/2016,460,31122708,2.50%
5/6/2016,458,14247602,-0.24%
5/7/2016,458,12689581,-0.13%
5/8/2016,460,22322044,0.56%
5/9/2016,449,27247925,-2.47%
5/10/2016,453,18137209,0.69%
5/11/2016,454,22252919,0.42%
5/12/2016,455,14768796,0.22%
5/13/2016,456,9319129,0.23%
5/14/2016,458,9745310,0.36%
5/15/2016,455,16731954,-0.71%
5/16/2016,453,15741822,-0.36%
5/17/2016,454,14884551,0.21%
5/18/2016,443,26626098,-2.61%
5/19/2016,442,21415312,-0.12%
5/20/2016,444,10213550,0.34%
5/21/2016,440,12691382,-0.91%
5/22/2016,444,15885934,0.92%
5/23/2016,446,14837672,0.54%
5/24/2016,450,16954105,0.82%
5/25/2016,453,17093327,0.78%
5/26/2016,474,63894987,4.38%
5/27/2016,524,75400711,9.57%
5/28/2016,516,80753301,-1.58%
5/29/2016,532,41433165,3.05%
5/30/2016,529,60896412,-0.63%
5/31/2016,537,38742661,1.58%
6/1/2016,537,28380699,-0.06%
6/2/2016,567,59464311,5.28%
6/3/2016,572,50353517,0.86%
6/4/2016,575,37233994,0.51%
6/5/2016,584,37131087,1.49%
6/6/2016,576,49082473,-1.39%
6/7/2016,581,28706216,0.85%
6/8/2016,575,28010576,-1.01%
6/9/2016,578,26290867,0.55%
6/10/2016,592,24790441,2.32%
6/11/2016,667,139684630,11.24%
6/12/2016,700,149442549,4.79%
6/13/2016,685,92458349,-2.18%
6/14/2016,691,53863569,0.82%
6/15/2016,761,169704647,9.25%
6/16/2016,744,160302360,-2.33%
6/17/2016,754,91056994,1.31%
6/18/2016,761,45805981,0.96%
6/19/2016,734,83637617,-3.69%
6/20/2016,667,166828426,-9.98%
6/21/2016,591,129550796,-13.01%
6/22/2016,621,154289130,4.88%
6/23/2016,657,128990817,5.49%
6/24/2016,664,67442141,1.00%
6/25/2016,625,56403088,-6.09%
6/26/2016,645,63747137,2.99%
6/27/2016,645,49673830,0.04%
6/28/2016,637,50898094,-1.31%
6/29/2016,670,58215063,5.00%
6/30/2016,675,62394481,0.67%
7/1/2016,698,46555797,3.37%
7/2/2016,662,66591457,-5.50%
7/3/2016,675,42756935,2.00%
7/4/2016,664,36687264,-1.73%
7/5/2016,673,31708101,1.34%
7/6/2016,635,97639342,-5.90%
7/7/2016,663,49243011,4.15%
7/8/2016,652,62061207,-1.68%
7/9/2016,647,18955766,-0.73%
7/10/2016,647,29925667,-0.06%
7/11/2016,671,44047500,3.56%
7/12/2016,661,41791464,-1.42%
7/13/2016,657,31748497,-0.59%
7/14/2016,664,23817857,1.05%
7/15/2016,661,13557557,-0.53%
7/16/2016,676,31614611,2.31%
7/17/2016,670,28810844,-0.89%
7/18/2016,671,20401885,0.11%
7/19/2016,664,25075066,-1.01%
7/20/2016,665,21351310,0.03%
7/21/2016,651,43283429,-2.07%
7/22/2016,655,19544655,0.62%
7/23/2016,659,19642347,0.63%
7/24/2016,654,22564554,-0.81%
7/25/2016,654,32177579,0.06%
7/26/2016,655,19568531,0.02%
7/27/2016,654,18452584,-0.06%
7/28/2016,655,17757920,0.20%
7/29/2016,655,12721756,-0.11%
7/30/2016,622,39918066,-5.29%
7/31/2016,607,41229299,-2.45%
8/1/2016,513,75338596,-18.22%
8/2/2016,566,47170752,9.36%
8/3/2016,576,25725471,1.70%
8/4/2016,575,15992890,-0.27%
8/5/2016,586,14676841,2.01%
8/6/2016,591,15491523,0.74%
8/7/2016,589,14726812,-0.27%
8/8/2016,585,15304278,-0.68%
8/9/2016,591,29376784,0.96%
8/10/2016,588,23640953,-0.53%
8/11/2016,587,15009453,-0.12%
8/12/2016,585,11357751,-0.44%
8/13/2016,569,18970095,-2.73%
8/14/2016,567,19218973,-0.37%
8/15/2016,580,21634083,2.28%
8/16/2016,572,18886742,-1.37%
8/17/2016,573,17509680,0.18%
8/18/2016,575,14701426,0.20%
8/19/2016,583,13416844,1.38%
8/20/2016,581,8294322,-0.34%
8/21/2016,587,19658058,1.16%
8/22/2016,584,18772370,-0.67%
8/23/2016,580,16337141,-0.67%
8/24/2016,578,18885350,-0.29%
8/25/2016,579,12329290,0.24%
8/26/2016,570,10747220,-1.58%
8/27/2016,575,7377922,0.81%
8/28/2016,574,13760854,-0.13%
8/29/2016,577,15895355,0.54%
8/30/2016,574,14338795,-0.60%
8/31/2016,572,14860164,-0.33%
9/1/2016,575,15315756,0.57%
9/2/2016,599,21055514,3.93%
9/3/2016,610,18646012,1.76%
9/4/2016,606,15369832,-0.63%
9/5/2016,610,14864564,0.77%
9/6/2016,613,18429525,0.45%
9/7/2016,626,22710391,1.98%
9/8/2016,623,17710151,-0.39%
9/9/2016,625,9600114,0.22%
9/10/2016,606,22467347,-3.12%
9/11/2016,608,17058939,0.39%
9/12/2016,609,16850869,0.10%
9/13/2016,610,14878860,0.15%
9/14/2016,608,13892193,-0.24%
9/15/2016,608,13353737,-0.05%
9/16/2016,607,9724490,-0.12%
9/17/2016,611,10004924,0.59%
9/18/2016,610,12981851,-0.14%
9/19/2016,609,13809381,-0.10%
9/20/2016,597,22059387,-2.02%
9/21/2016,596,13463966,-0.26%
9/22/2016,603,15567036,1.21%
9/23/2016,603,8196211,-0.05%
9/24/2016,601,8038080,-0.18%
9/25/2016,607,16700408,0.83%
9/26/2016,605,15534316,-0.18%
9/27/2016,605,11485005,-0.13%
9/28/2016,605,15403975,0.00%
9/29/2016,608,14534746,0.57%
9/30/2016,613,10415543,0.86%
10/1/2016,611,10096654,-0.45%
10/2/2016,612,13462742,0.15%
10/3/2016,609,15300693,-0.43%
10/4/2016,612,14360537,0.47%
10/5/2016,611,13276337,-0.14%
10/6/2016,616,20167399,0.82%
10/7/2016,618,8467434,0.26%
10/8/2016,616,8320759,-0.31%
10/9/2016,617,15597892,0.25%
10/10/2016,640,35367128,3.62%
10/11/2016,636,17240001,-0.70%
10/12/2016,636,16387362,-0.06%
10/13/2016,638,20114874,0.36%
10/14/2016,637,7970928,-0.14%
10/15/2016,640,8306925,0.48%
10/16/2016,637,17742610,-0.43%
10/17/2016,635,15725013,-0.32%
10/18/2016,629,22379198,-1.00%
10/19/2016,628,13252111,-0.11%
10/20/2016,630,17836383,0.33%
10/21/2016,655,24154228,3.82%
10/22/2016,653,14418212,-0.38%
10/23/2016,650,21726107,-0.39%
10/24/2016,651,24179462,0.08%
10/25/2016,675,31949607,3.51%
10/26/2016,682,31862181,1.12%
10/27/2016,686,26829414,0.57%
10/28/2016,715,38351349,4.02%
10/29/2016,697,27793237,-2.54%
10/30/2016,699,26687188,0.20%
10/31/2016,727,49453951,3.87%
11/1/2016,734,28452232,0.92%
11/2/2016,685,69067918,-7.10%
11/3/2016,702,33762721,2.45%
11/4/2016,702,15554566,0.00%
11/5/2016,710,18363568,1.10%
11/6/2016,705,21797370,-0.64%
11/7/2016,711,28262236,0.77%
11/8/2016,721,51548568,1.46%
11/9/2016,715,23931323,-0.96%
11/10/2016,715,18386841,0.06%
11/11/2016,704,19677657,-1.52%
11/12/2016,702,25249835,-0.33%
11/13/2016,705,26613445,0.37%
11/14/2016,711,29562740,0.92%
11/15/2016,740,58304902,3.94%
11/16/2016,738,46942756,-0.37%
11/17/2016,747,29666066,1.26%
11/18/2016,748,19276573,0.12%
11/19/2016,729,34876785,-2.66%
11/20/2016,736,24010682,1.04%
11/21/2016,749,33225195,1.75%
11/22/2016,741,28258204,-1.12%
11/23/2016,735,27531778,-0.78%
11/24/2016,740,21299511,0.69%
11/25/2016,734,16682482,-0.85%
11/26/2016,729,15735825,-0.65%
11/27/2016,733,25153839,0.53%
11/28/2016,733,24030304,-0.10%
11/29/2016,742,29210351,1.34%
11/30/2016,753,40690942,1.35%
12/1/2016,771,48893614,2.38%
12/2/2016,764,30234128,-0.88%
12/3/2016,766,14755120,0.28%
12/4/2016,754,39082688,-1.60%
12/5/2016,758,25497772,0.51%
12/6/2016,766,26755413,0.96%
12/7/2016,768,22208497,0.38%
12/8/2016,770,18722048,0.26%
12/9/2016,774,14049110,0.45%
12/10/2016,768,13269086,-0.79%
12/11/2016,778,22442991,1.36%
12/12/2016,779,25894856,0.03%
12/13/2016,777,19326375,-0.29%
12/14/2016,775,20452117,-0.17%
12/15/2016,782,21650385,0.87%
12/16/2016,787,18648779,0.65%
12/17/2016,789,11525747,0.23%
12/18/2016,790,20238682,0.10%
12/19/2016,799,27406319,1.17%
12/20/2016,829,53411082,3.63%
12/21/2016,860,60511618,3.60%
12/22/2016,917,91802931,6.22%
12/23/2016,891,41576781,-2.93%
12/24/2016,891,37173378,0.00%
12/25/2016,898,35002753,0.81%
12/26/2016,926,45966615,2.96%
12/27/2016,972,73811804,4.77%
12/28/2016,971,59226668,-0.11%
12/29/2016,959,67449149,-1.26%
12/30/2016,963,26379402,0.45%
12/31/2016,995,40570923,3.22%
1/1/2017,1017,66038073,2.12%
1/2/2017,1033,56085871,1.57%
1/3/2017,1135,170584623,8.99%
1/4/2017,989,244839290,-14.76%
1/5/2017,886,179160669,-11.64%
1/6/2017,889,113037532,0.30%
1/7/2017,901,70298340,1.33%
1/8/2017,900,55963281,-0.12%
1/9/2017,904,48644107,0.51%
1/10/2017,785,160194110,-15.14%
1/11/2017,810,93986702,3.05%
1/12/2017,825,72555876,1.78%
1/13/2017,820,36594482,-0.63%
1/14/2017,821,20004735,0.19%
1/15/2017,827,27592899,0.75%
1/16/2017,900,72272727,8.04%
1/17/2017,872,61042392,-3.17%
1/18/2017,895,52300815,2.59%
1/19/2017,893,34847130,-0.26%
1/20/2017,920,37129177,2.93%
1/21/2017,919,44074300,-0.11%
1/22/2017,921,30261055,0.28%
1/23/2017,894,53468911,-3.10%
1/24/2017,894,34014866,0.07%
1/25/2017,916,30795686,2.31%
1/26/2017,918,28503144,0.27%
1/27/2017,919,13251844,0.05%
1/28/2017,915,10214368,-0.43%
1/29/2017,921,17604172,0.67%
1/30/2017,965,51869217,4.64%
1/31/2017,982,44035816,1.72%
2/1/2017,1004,50633911,2.15%
2/2/2017,1013,62431018,0.89%
2/3/2017,1032,40406543,1.82%
2/4/2017,1016,31669957,-1.55%
2/5/2017,1025,32828350,0.84%
2/6/2017,1050,41318349,2.37%
2/7/2017,1055,68336320,0.56%
2/8/2017,979,145839317,-7.82%
2/9/2017,998,60639111,1.87%
2/10/2017,1008,28504495,1.06%
2/11/2017,997,14825023,-1.18%
2/12/2017,995,32785064,-0.12%
2/13/2017,1008,39810076,1.29%
2/14/2017,1008,23569549,-0.01%
2/15/2017,1032,39114743,2.30%
2/16/2017,1049,47815361,1.67%
2/17/2017,1052,26856521,0.27%
2/18/2017,1049,18876882,-0.32%
2/19/2017,1078,32959720,2.66%
2/20/2017,1119,62908569,3.71%
2/21/2017,1120,53647453,0.13%
2/22/2017,1172,75663167,4.39%
2/23/2017,1176,126978011,0.39%
2/24/2017,1149,53003830,-2.39%
2/25/2017,1172,35750258,1.92%
2/26/2017,1189,42035367,1.45%
2/27/2017,1189,60371870,0.04%
2/28/2017,1223,61964761,2.73%
3/1/2017,1255,98040639,2.61%
3/2/2017,1283,85876263,2.17%
3/3/2017,1264,48597935,-1.50%
3/4/2017,1271,32104972,0.54%
3/5/2017,1277,39591111,0.45%
3/6/2017,1233,108673876,-3.60%
3/7/2017,1147,116342974,-7.47%
3/8/2017,1191,70427062,3.72%
3/9/2017,1112,223836042,-7.10%
3/10/2017,1179,82387198,5.67%
3/11/2017,1225,53441762,3.75%
3/12/2017,1238,74376298,1.06%
3/13/2017,1243,56058617,0.40%
3/14/2017,1253,54486700,0.82%
3/15/2017,1173,159409025,-6.87%
3/16/2017,1072,183879769,-9.44%
3/17/2017,971,212772056,-10.33%
3/18/2017,1023,108128238,5.01%
3/19/2017,1048,63833143,2.38%
3/20/2017,1121,101051999,6.58%
3/21/2017,1045,120730492,-7.33%
3/22/2017,1035,58898141,-0.94%
3/23/2017,940,130042866,-10.14%
3/24/2017,966,118395054,2.75%
3/25/2017,969,83255983,0.32%
3/26/2017,1045,92332221,7.24%
3/27/2017,1044,83567551,-0.07%
3/28/2017,1042,71261535,-0.24%
3/29/2017,1038,77633884,-0.38%
3/30/2017,1079,96543920,3.82%
3/31/2017,1086,55020078,0.65%
4/1/2017,1097,77853934,1.03%
4/2/2017,1148,111870807,4.37%
4/3/2017,1142,81164094,-0.51%
4/4/2017,1130,78335574,-1.05%
4/5/2017,1189,108182158,4.95%
4/6/2017,1190,71184486,0.15%
4/7/2017,1181,39393003,-0.82%
4/8/2017,1204,54498333,1.96%
4/9/2017,1207,48473681,0.20%
4/10/2017,1221,45563707,1.15%
4/11/2017,1213,54699396,-0.68%
4/12/2017,1176,78456423,-3.09%
4/13/2017,1177,56129577,0.10%
4/14/2017,1177,33877537,-0.03%
4/15/2017,1177,22538919,-0.02%
4/16/2017,1194,56095607,1.44%
4/17/2017,1206,64900219,1.00%
4/18/2017,1215,53034357,0.75%
4/19/2017,1238,69223361,1.85%
4/20/2017,1250,52498297,0.92%
4/21/2017,1241,55776933,-0.71%
4/22/2017,1249,54224356,0.66%
4/23/2017,1248,49281629,-0.08%
4/24/2017,1264,56659016,1.28%
4/25/2017,1287,77649710,1.73%
4/26/2017,1333,83319636,3.47%
4/27/2017,1330,104536477,-0.25%
4/28/2017,1336,55982468,0.50%
4/29/2017,1352,55470286,1.16%
4/30/2017,1416,144414039,4.51%
5/1/2017,1446,103342245,2.08%
5/2/2017,1486,122551707,2.67%
5/3/2017,1517,213084950,2.06%
5/4/2017,1508,188015772,-0.60%
5/5/2017,1545,92747186,2.43%
5/6/2017,1554,111708072,0.59%
5/7/2017,1664,174687869,6.61%
5/8/2017,1698,219169486,1.95%
5/9/2017,1752,156203600,3.13%
5/10/2017,1819,198829123,3.68%
5/11/2017,1686,192159874,-7.88%
5/12/2017,1764,128390096,4.39%
5/13/2017,1773,72874379,0.50%
5/14/2017,1709,138499151,-3.72%
5/15/2017,1729,130379207,1.18%
5/16/2017,1801,170954155,3.99%
5/17/2017,1881,135901905,4.24%
5/18/2017,1962,191523926,4.13%
5/19/2017,2040,179346919,3.83%
5/20/2017,2044,161036810,0.20%
5/21/2017,2124,373482496,3.78%
5/22/2017,2273,251969082,6.52%
5/23/2017,2445,353734031,7.06%
5/24/2017,2307,622139031,-5.98%
5/25/2017,2245,441342712,-2.78%
5/26/2017,2052,446034004,-9.38%
5/27/2017,2189,266766117,6.24%
5/28/2017,2278,204101576,3.91%
5/29/2017,2193,270069147,-3.91%
5/30/2017,2303,261223036,4.81%
5/31/2017,2413,290070432,4.53%
6/1/2017,2493,199765373,3.21%
6/2/2017,2545,177168596,2.08%
6/3/2017,2524,149060810,-0.85%
6/4/2017,2705,225611887,6.69%
6/5/2017,2871,538772474,5.77%
6/6/2017,2692,340329904,-6.65%
6/7/2017,2799,260898606,3.83%
6/8/2017,2811,189237111,0.45%
6/9/2017,2900,246869682,3.06%
6/10/2017,2973,241516661,2.46%
6/11/2017,2657,585158910,-11.92%
6/12/2017,2713,314476277,2.07%
6/13/2017,2467,448294279,-9.96%
6/14/2017,2442,606264366,-1.02%
6/15/2017,2509,286630758,2.64%
6/16/2017,2655,246698592,5.52%
6/17/2017,2540,235239296,-4.55%
6/18/2017,2617,210372751,2.95%
6/19/2017,2754,300034011,4.99%
6/20/2017,2678,313234721,-2.87%
6/21/2017,2723,210318781,1.66%
6/22/2017,2710,155303414,-0.46%
6/23/2017,2590,228007287,-4.65%
6/24/2017,2542,220679136,-1.91%
6/25/2017,2446,401912135,-3.91%
6/26/2017,2584,381517100,5.33%
6/27/2017,2578,279792448,-0.23%
6/28/2017,2558,191733500,-0.76%
6/29/2017,2481,183878856,-3.13%
6/30/2017,2425,160661674,-2.31%
7/1/2017,2536,165839565,4.41%
7/2/2017,2572,212244951,1.40%
7/3/2017,2617,210433639,1.71%
7/4/2017,2628,232257107,0.40%
7/5/2017,2614,156558010,-0.52%
7/6/2017,2514,229168229,-3.99%
7/7/2017,2565,136973389,1.99%
7/8/2017,2511,99506519,-2.13%
7/9/2017,2344,297270301,-7.14%
7/10/2017,2324,341998621,-0.85%
7/11/2017,2403,257095280,3.28%
7/12/2017,2362,208630221,-1.72%
7/13/2017,2234,257704533,-5.74%
7/14/2017,1975,320719097,-13.12%
7/15/2017,1914,364287862,-3.19%
7/16/2017,2233,368366495,14.30%
7/17/2017,2320,465220152,3.74%
7/18/2017,2283,357639190,-1.65%
7/19/2017,2866,807416891,20.36%
7/20/2017,2675,529154790,-7.14%
7/21/2017,2837,341992860,5.69%
7/22/2017,2757,299869260,-2.90%
7/23/2017,2763,229047365,0.25%
7/24/2017,2583,534765381,-7.00%
7/25/2017,2559,340465235,-0.91%
7/26/2017,2692,269880858,4.93%
7/27/2017,2807,383479796,4.09%
7/28/2017,2734,230818895,-2.68%
7/29/2017,2766,222933516,1.19%
7/30/2017,2883,254836602,4.05%
7/31/2017,2747,341216429,-4.96%
8/1/2017,2721,222534345,-0.97%
8/2/2017,2810,188517086,3.18%
8/3/2017,2878,195800289,2.38%
8/4/2017,3263,503737620,11.78%
8/5/2017,3232,196484497,-0.95%
8/6/2017,3402,294021645,4.99%
8/7/2017,3429,366169429,0.80%
8/8/2017,3349,324058682,-2.41%
8/9/2017,3426,242024460,2.24%
8/10/2017,3654,345135492,6.26%
8/11/2017,3872,469532325,5.61%
8/12/2017,4063,638917500,4.70%
8/13/2017,4328,540927758,6.13%
8/14/2017,4162,872840682,-4.00%
8/15/2017,4387,472960334,5.15%
8/16/2017,4279,554232802,-2.54%
8/17/2017,4105,603898315,-4.23%
8/18/2017,4150,462723152,1.09%
8/19/2017,4067,288193446,-2.06%
8/20/2017,4005,365174046,-1.54%
8/21/2017,4090,659657839,2.07%
8/22/2017,4141,402340258,1.24%
8/23/2017,4318,305373478,4.10%
8/24/2017,4364,362283253,1.06%
8/25/2017,4352,199403923,-0.28%
8/26/2017,4346,185180843,-0.15%
8/27/2017,4390,325285703,1.01%
8/28/2017,4597,455467850,4.50%
8/29/2017,4583,313466398,-0.31%
8/30/2017,4735,338981145,3.21%
8/31/2017,4922,491140365,3.79%
9/1/2017,4574,747713818,-7.61%
9/2/2017,4613,470135795,0.85%
9/3/2017,4267,737216061,-8.10%
9/4/2017,4409,673846828,3.21%
9/5/2017,4619,504717246,4.54%
9/6/2017,4636,324939873,0.36%
9/7/2017,4326,786819864,-7.15%
9/8/2017,4335,332195251,0.20%
9/9/2017,4246,451244397,-2.10%
9/10/2017,4218,375254125,-0.66%
9/11/2017,4159,453402207,-1.42%
9/12/2017,3870,728385232,-7.46%
9/13/2017,3243,1118258890,-19.34%
9/14/2017,3714,1519153953,12.67%
9/15/2017,3699,627559216,-0.40%
9/16/2017,3690,351250484,-0.25%
9/17/2017,4100,586938661,10.02%
9/18/2017,3908,488897830,-4.92%
9/19/2017,3882,342438073,-0.66%
9/20/2017,3617,543570164,-7.32%
9/21/2017,3601,414612502,-0.46%
9/22/2017,3788,253370775,4.94%
9/23/2017,3668,183852136,-3.29%
9/24/2017,3933,386674962,6.75%
9/25/2017,3893,248481869,-1.03%
9/26/2017,4212,480358674,7.59%
9/27/2017,4196,386909537,-0.39%
9/28/2017,4173,404599756,-0.55%
9/29/2017,4361,290796940,4.31%
9/30/2017,4403,262485154,0.96%
10/1/2017,4401,314621928,-0.04%
10/2/2017,4314,353046057,-2.02%
10/3/2017,4219,272424730,-2.26%
10/4/2017,4321,271914958,2.38%
10/5/2017,4372,269878226,1.16%
10/6/2017,4436,176332039,1.44%
10/7/2017,4612,323063951,3.81%
10/8/2017,4777,518586828,3.47%
10/9/2017,4763,475717721,-0.30%
10/10/2017,4824,338533507,1.26%
10/11/2017,5433,848641969,11.20%
10/12/2017,5637,1211469141,3.63%
10/13/2017,5825,434406120,3.22%
10/14/2017,5688,571166215,-2.40%
10/15/2017,5759,349154669,1.24%
10/16/2017,5599,368658284,-2.87%
10/17/2017,5576,654722509,-0.41%
10/18/2017,5699,469774559,2.16%
10/19/2017,5993,729487923,4.91%
10/20/2017,6007,684989667,0.23%
10/21/2017,5983,618893097,-0.40%
10/22/2017,5904,801148315,-1.34%
10/23/2017,5513,811951130,-7.08%
10/24/2017,5734,585738380,3.85%
10/25/2017,5888,547664554,2.61%
10/26/2017,5765,488283724,-2.13%
10/27/2017,5727,305611141,-0.66%
10/28/2017,6148,966990809,6.85%
10/29/2017,6124,481600503,-0.38%
10/30/2017,6451,637838767,5.07%
10/31/2017,6738,869798620,4.25%
11/1/2017,7025,1663170040,4.09%
11/2/2017,7152,1120978013,1.78%
11/3/2017,7364,773371755,2.87%
11/4/2017,7390,789287755,0.35%
11/5/2017,6959,1148125489,-6.18%
11/6/2017,7103,716798409,2.02%
11/7/2017,7444,1632547466,4.59%
11/8/2017,7130,915963933,-4.41%
11/9/2017,6566,1513421267,-8.59%
11/10/2017,6340,878096915,-3.56%
11/11/2017,5878,1629165386,-7.86%
11/12/2017,6522,1135256036,9.88%
11/13/2017,6597,634604992,1.13%
11/14/2017,7283,922959468,9.42%
11/15/2017,7854,1010130763,7.26%
11/16/2017,7700,917599923,-2.00%
11/17/2017,7781,571121111,1.04%
11/18/2017,8043,541391322,3.25%
11/19/2017,8245,617354329,2.45%
11/20/2017,8100,938345413,-1.79%
11/21/2017,8235,539697375,1.63%
11/22/2017,8013,555465146,-2.76%
11/23/2017,8201,595710406,2.29%
11/24/2017,8755,718483680,6.33%
11/25/2017,9318,782499977,6.05%
11/26/2017,9733,1025175620,4.26%
11/27/2017,9906,865328616,1.74%
11/28/2017,9838,2418792361,-0.69%
11/29/2017,9947,1836210107,1.09%
11/30/2017,10861,1353669597,8.42%
12/1/2017,10913,950474242,0.47%
12/2/2017,11246,1380012064,2.97%
12/3/2017,11624,1057859226,3.25%
12/4/2017,11667,1048839304,0.37%
12/5/2017,13750,2437037792,15.15%
12/6/2017,16850,4510225316,18.40%
12/7/2017,16048,4546014732,-5.00%
12/8/2017,14843,2699876215,-8.11%
12/9/2017,15060,2904037860,1.44%
12/10/2017,16732,2634267595,10.00%
12/11/2017,17084,2246138896,2.06%
12/12/2017,16287,2576055942,-4.89%
12/13/2017,16468,1773813863,1.10%
12/14/2017,17605,2682351214,6.46%
12/15/2017,19345,2078806369,9.00%
12/16/2017,19066,2264650370,-1.47%
12/17/2017,18972,2597510050,-0.49%
12/18/2017,17524,3136709262,-8.27%
12/19/2017,16462,3791752511,-6.45%
12/20/2017,15632,2619295476,-5.31%
12/21/2017,13665,6245731508,-14.40%
12/22/2017,14396,2491903154,5.08%
12/23/2017,13790,2428437693,-4.40%
12/24/2017,13833,1487888107,0.31%
12/25/2017,15757,2198577125,12.20%
12/26/2017,15417,2162831129,-2.20%
12/27/2017,14399,2425912718,-7.07%
12/28/2017,14393,1733583750,-0.04%
12/29/2017,12532,2387311023,-14.85%
12/30/2017,13850,1492142484,9.52%
12/31/2017,13445,1057521524,-3.02%
1/1/2018,14754,1956783037,8.87%
1/2/2018,15157,1604206990,2.66%
1/3/2018,15180,1656714737,0.15%
1/4/2018,16955,2283988963,10.47%
1/5/2018,17172,1412703791,1.27%
1/6/2018,16228,1309532650,-5.82%
1/7/2018,14976,2166366561,-8.36%
1/8/2018,14469,1486802326,-3.51%
1/9/2018,14919,2025083791,3.02%
1/10/2018,13308,2373494122,-12.11%
1/11/2018,13841,1402292717,3.85%
1/12/2018,14243,1021352776,2.82%
1/13/2018,13639,1112590573,-4.43%
1/14/2018,13632,1170462751,-0.05%
1/15/2018,11282,3842651741,-20.82%
1/16/2018,11163,3666978316,-1.07%
1/17/2018,11176,2357251805,0.11%
1/18/2018,11522,1264875700,3.01%
1/19/2018,12784,1492721765,9.87%
1/20/2018,11550,1552755290,-10.68%
1/21/2018,10815,1811992346,-6.80%
1/22/2018,10858,1710180829,0.40%
1/23/2018,11429,1286435482,4.99%
1/24/2018,11176,1061064251,-2.27%
1/25/2018,11104,1560135332,-0.65%
1/26/2018,11460,1031091634,3.10%
1/27/2018,11768,1038153170,2.62%
1/28/2018,11234,920836244,-4.75%
1/29/2018,10107,1720894077,-11.15%
1/30/2018,10227,1230902973,1.17%
1/31/2018,9115,1964308989,-12.20%
2/1/2018,8871,2768759876,-2.75%
2/2/2018,9251,1253484523,4.11%
2/3/2018,8218,1413207411,-12.57%
2/4/2018,6937,2534149181,-18.47%
2/5/2018,7701,3397596514,9.92%
2/6/2018,7593,2159765331,-1.43%
2/7/2018,8261,1594673974,8.09%
2/8/2018,8697,1348072086,5.01%
2/9/2018,8569,1348923336,-1.49%
2/10/2018,8085,1013771946,-6.00%
2/11/2018,8911,1085921871,9.28%
2/12/2018,8545,853320353,-4.29%
2/13/2018,9486,1220863360,9.92%
2/14/2018,10034,1666668488,5.46%
2/15/2018,10189,1061827697,1.52%
2/16/2018,11097,1327921168,8.19%
2/17/2018,10417,1659704217,-6.53%
2/18/2018,11182,1186535654,6.84%
2/19/2018,11256,1640343868,0.66%
2/20/2018,10482,1982721125,-7.39%
2/21/2018,9848,1795951830,-6.43%
2/22/2018,10176,1399448203,3.22%
2/23/2018,9706,1244484469,-4.84%
2/24/2018,9610,793093193,-0.99%
2/25/2018,10327,1181729273,6.94%
2/26/2018,10595,1060840699,2.53%
2/27/2018,10334,1126074676,-2.52%
2/28/2018,10929,952472120,5.44%
3/1/2018,11043,852908490,1.03%
3/2/2018,11465,812200126,3.68%
3/3/2018,11504,690727336,0.34%
3/4/2018,11441,791471905,-0.56%
3/5/2018,10735,1210081181,-6.57%
3/6/2018,9929,1858869115,-8.13%
3/7/2018,9317,1492236090,-6.57%
3/8/2018,9253,2081621423,-0.69%
3/9/2018,8797,1084925796,-5.18%
3/10/2018,9545,1374814644,7.83%
3/11/2018,9142,1435404200,-4.40%
3/12/2018,9160,1228556284,0.20%
3/13/2018,8218,1385572512,-11.47%
3/14/2018,8268,1519850465,0.61%
3/15/2018,8283,1082790137,0.18%
3/16/2018,7883,901939423,-5.07%
3/17/2018,8215,1535519445,4.04%
3/18/2018,8623,1447812723,4.73%
3/19/2018,8921,1150462439,3.34%
3/20/2018,8911,991376397,-0.11%
3/21/2018,8725,1023286566,-2.14%
3/22/2018,8935,939997284,2.35%
3/23/2018,8548,827663165,-4.52%
3/24/2018,8473,657643520,-0.89%
3/25/2018,8152,1079038735,-3.93%
3/26/2018,7808,930754991,-4.40%
3/27/2018,7960,657712115,1.90%
3/28/2018,7107,1379180030,-12.01%
3/29/2018,6854,1584675343,-3.69%
3/30/2018,6944,915400591,1.30%
3/31/2018,6836,889887685,-1.58%
4/1/2018,7075,748861435,3.37%
4/2/2018,7434,905326799,4.84%
4/3/2018,6816,877199782,-9.08%
4/4/2018,6790,777145175,-0.37%
4/5/2018,6635,605651287,-2.35%
4/6/2018,6917,564883142,4.08%
4/7/2018,7050,425825572,1.88%
4/8/2018,6790,901883665,-3.84%
4/9/2018,6871,424510977,1.19%
4/10/2018,6977,450141340,1.52%
4/11/2018,7928,1490759970,11.99%
4/12/2018,7899,1171435821,-0.36%
4/13/2018,8023,537286382,1.54%
4/14/2018,8377,570527805,4.23%
4/15/2018,8080,713471957,-3.68%
4/16/2018,7922,580880501,-2.00%
4/17/2018,8190,593500792,3.28%
4/18/2018,8302,602099035,1.35%
4/19/2018,8877,979994921,6.48%
4/20/2018,8936,829073401,0.66%
4/21/2018,8823,610183093,-1.27%
4/22/2018,8968,553892335,1.62%
4/23/2018,9656,1276464751,7.12%
4/24/2018,8874,1779806223,-8.81%
4/25/2018,9282,997427935,4.40%
4/26/2018,8938,758182407,-3.84%
4/27/2018,9351,774111705,4.42%
4/28/2018,9407,640931911,0.59%
4/29/2018,9248,574099218,-1.71%
4/30/2018,9077,669555437,-1.89%
5/1/2018,9232,527488395,1.68%
5/2/2018,9745,857646889,5.26%
5/3/2018,9700,663887678,-0.47%
5/4/2018,9846,679872376,1.49%
5/5/2018,9645,608650204,-2.08%
5/6/2018,9378,692580063,-2.85%
5/7/2018,9196,673924125,-1.98%
5/8/2018,9321,625495066,1.34%
5/9/2018,9032,629850604,-3.20%
5/10/2018,8421,1176888629,-7.26%
5/11/2018,8487,783972252,0.77%
5/12/2018,8709,525395862,2.56%
5/13/2018,8673,874543294,-0.42%
5/14/2018,8480,730739739,-2.27%
5/15/2018,8345,789660713,-1.62%
5/16/2018,8071,615539513,-3.39%
5/17/2018,8248,558167599,2.14%
5/18/2018,8249,381458405,0.02%
5/19/2018,8533,418898289,3.33%
5/20/2018,8420,463653637,-1.35%
5/21/2018,7993,543342369,-5.34%
5/22/2018,7506,934151146,-6.49%
5/23/2018,7585,826278113,1.04%
5/24/2018,7475,634474357,-1.46%
5/25/2018,7355,368322782,-1.64%
5/26/2018,7362,341348321,0.10%
5/27/2018,7119,526854343,-3.42%
5/28/2018,7475,634849312,4.76%
5/29/2018,7393,505870975,-1.11%
5/30/2018,7502,458223966,1.45%
5/31/2018,7531,458687659,0.38%
6/1/2018,7643,362414879,1.47%
6/2/2018,7720,332313005,0.99%
6/3/2018,7503,427448262,-2.89%
6/4/2018,7629,440337235,1.65%
6/5/2018,7662,396116253,0.42%
6/6/2018,7700,342475552,0.50%
6/7/2018,7628,310119047,-0.95%
6/8/2018,7514,218013881,-1.51%
6/9/2018,6774,895514425,-10.92%
6/10/2018,6887,482788065,1.65%
6/11/2018,6557,509372466,-5.04%
6/12/2018,6310,797087281,-3.91%
6/13/2018,6643,620296377,5.01%
6/14/2018,6397,379228601,-3.85%
6/15/2018,6503,232802783,1.64%
6/16/2018,6458,224575526,-0.70%
6/17/2018,6715,430241689,3.83%
6/18/2018,6741,370797058,0.39%
6/19/2018,6761,400530201,0.30%
6/20/2018,6721,295690716,-0.60%
6/21/2018,6051,862826624,-11.06%
6/22/2018,6167,350697378,1.87%
6/23/2018,6158,667479078,-0.14%
6/24/2018,6260,492834173,1.64%
6/25/2018,6088,391396653,-2.82%
6/26/2018,6142,383457138,0.87%
6/27/2018,5871,385907045,-4.60%
6/28/2018,6204,554799002,5.36%
6/29/2018,6385,419284678,2.84%
6/30/2018,6339,259708491,-0.73%
7/1/2018,6616,465915661,4.18%
7/2/2018,6510,356390899,-1.63%
7/3/2018,6590,412202353,1.22%
7/4/2018,6535,421189063,-0.85%
7/5/2018,6602,310759733,1.02%
7/6/2018,6758,277167900,2.31%
7/7/2018,6707,268455446,-0.76%
7/8/2018,6669,328316146,-0.58%
7/9/2018,6307,470432143,-5.74%
7/10/2018,6394,327667754,1.37%
7/11/2018,6254,409078183,-2.25%
7/12/2018,6230,319802272,-0.38%
7/13/2018,6269,174416786,0.62%
7/14/2018,6364,218543292,1.50%
7/15/2018,6741,494264916,5.58%
7/16/2018,7327,799401451,8.00%
7/17/2018,7383,788460812,0.77%
7/18/2018,7478,522544440,1.26%
7/19/2018,7334,603034415,-1.96%
7/20/2018,7405,297440355,0.97%
7/21/2018,7399,355565265,-0.09%
7/22/2018,7718,745533303,4.14%
7/23/2018,8396,1166560702,8.07%
7/24/2018,8170,736530740,-2.76%
7/25/2018,7937,643953970,-2.94%
7/26/2018,8183,646256012,3.00%
7/27/2018,8231,295872316,0.58%
7/28/2018,8217,280233416,-0.17%
7/29/2018,8176,681120740,-0.50%
7/30/2018,7735,765186307,-5.70%
7/31/2018,7611,595404849,-1.63%
8/1/2018,7542,424093582,-0.91%
8/2/2018,7418,586982506,-1.68%
8/3/2018,7018,534002936,-5.70%
8/4/2018,7042,368914046,0.35%
8/5/2018,6946,410408445,-1.39%
8/6/2018,6723,575690006,-3.31%
8/7/2018,6285,838853616,-6.97%
8/8/2018,6543,575748446,3.95%
8/9/2018,6153,639457020,-6.34%
8/10/2018,6243,545722619,1.43%
8/11/2018,6323,366460109,1.27%
8/12/2018,6263,452431673,-0.95%
8/13/2018,6200,759847790,-1.03%
8/14/2018,6274,852103142,1.19%
8/15/2018,6324,454679037,0.78%
8/16/2018,6591,477089456,4.06%
8/17/2018,6406,336744294,-2.90%
8/18/2018,6502,253984822,1.48%
8/19/2018,6270,397981292,-3.70%
8/20/2018,6491,396746063,3.41%
8/21/2018,6366,764005011,-1.96%
8/22/2018,6539,340811487,2.64%
8/23/2018,6709,382456859,2.53%
8/24/2018,6750,258296664,0.60%
8/25/2018,6721,265820591,-0.43%
8/26/2018,6916,405769272,2.82%
8/27/2018,7091,487789642,2.48%
8/28/2018,7052,356139022,-0.56%
8/29/2018,6999,425475686,-0.76%
8/30/2018,7027,349131153,0.40%
8/31/2018,7203,300301833,2.45%
9/1/2018,7301,447453371,1.34%
9/2/2018,7270,309327793,-0.43%
9/3/2018,7370,343762002,1.35%
9/4/2018,6705,797851164,-9.92%
9/5/2018,6515,823309044,-2.91%
9/6/2018,6412,344487244,-1.62%
9/7/2018,6200,317380272,-3.41%
9/8/2018,6249,244400344,0.78%
9/9/2018,6324,320435280,1.19%
9/10/2018,6296,324512940,-0.46%
9/11/2018,6337,332537236,0.66%
9/12/2018,6492,425090870,2.39%
9/13/2018,6486,377989402,-0.09%
9/14/2018,6522,208349557,0.55%
9/15/2018,6502,200545603,-0.30%
9/16/2018,6261,399675966,-3.85%
9/17/2018,6346,348485895,1.34%
9/18/2018,6399,452379323,0.82%
9/19/2018,6506,301619961,1.65%
9/20/2018,6762,569642976,3.79%
9/21/2018,6717,261159308,-0.68%
9/22/2018,6703,169080003,-0.21%
9/23/2018,6584,324660683,-1.81%
9/24/2018,6438,420279170,-2.26%
9/25/2018,6463,264402807,0.38%
9/26/2018,6686,345096700,3.34%
9/27/2018,6635,497340510,-0.76%
9/28/2018,6604,245055397,-0.48%
9/29/2018,6624,174302164,0.30%
9/30/2018,6595,256959932,-0.44%
10/1/2018,6525,267166278,-1.07%
10/2/2018,6492,306385347,-0.51%
10/3/2018,6580,277614018,1.33%
10/4/2018,6633,262562345,0.80%
10/5/2018,6590,162722104,-0.65%
10/6/2018,6601,179378859,0.17%
10/7/2018,6650,313507434,0.74%
10/8/2018,6632,213976678,-0.28%
10/9/2018,6581,323664963,-0.77%
10/10/2018,6209,654924118,-5.98%
10/11/2018,6251,289840137,0.66%
10/12/2018,6267,137705036,0.26%
10/13/2018,6278,215422888,0.17%
10/14/2018,6612,1190524168,5.06%
10/15/2018,6583,324232510,-0.45%
10/16/2018,6575,220418637,-0.13%
10/17/2018,6489,331761115,-1.32%
10/18/2018,6469,237855085,-0.30%
10/19/2018,6491,127185848,0.33%
10/20/2018,6510,105283929,0.30%
10/21/2018,6483,202766914,-0.41%
10/22/2018,6470,220913294,-0.20%
10/23/2018,6476,222068132,0.09%
10/24/2018,6463,231214964,-0.21%
10/25/2018,6457,215447656,-0.09%
10/26/2018,6470,124066466,0.20%
10/27/2018,6471,109118161,0.01%
10/28/2018,6314,342463527,-2.48%
10/29/2018,6309,269592154,-0.08%
10/30/2018,6343,245357244,0.53%
10/31/2018,6381,199861220,0.61%
11/1/2018,6395,179385607,0.21%
11/2/2018,6376,183565304,-0.29%
11/3/2018,6467,175805189,1.40%
11/4/2018,6434,155758902,-0.52%
11/5/2018,6480,239808254,0.71%
11/6/2018,6530,360052789,0.77%
11/7/2018,6446,273205387,-1.30%
11/8/2018,6378,237893037,-1.07%
11/9/2018,6396,94313329,0.29%
11/10/2018,6408,130156002,0.18%
11/11/2018,6375,181575611,-0.52%
11/12/2018,6339,227689746,-0.57%
11/13/2018,5741,1045469380,-10.41%
11/14/2018,5648,820864014,-1.66%
11/15/2018,5586,397196183,-1.10%
11/16/2018,5569,164182152,-0.31%
11/17/2018,5615,233409182,0.82%
11/18/2018,4810,1072037780,-16.75%
11/19/2018,4442,1433400842,-8.28%
11/20/2018,4593,686284918,3.29%
11/21/2018,4321,376852838,-6.30%
11/22/2018,4343,521825988,0.52%
11/23/2018,3854,503028289,-12.70%
11/24/2018,4004,819869496,3.75%
11/25/2018,3785,715341715,-5.80%
11/26/2018,3823,555212128,1.00%
11/27/2018,4264,726808597,10.33%
11/28/2018,4287,479575431,0.54%
11/29/2018,4010,497762735,-6.91%
11/30/2018,4197,280927570,4.47%
12/1/2018,4144,262154694,-1.29%
12/2/2018,3871,423985400,-7.04%
12/3/2018,3948,373361233,1.95%
12/4/2018,3738,320944416,-5.64%
12/5/2018,3485,590923562,-7.24%
12/6/2018,3421,699930576,-1.89%
12/7/2018,3461,357548591,1.17%
12/8/2018,3593,295321499,3.67%
12/9/2018,3467,287119758,-3.62%
12/10/2018,3401,230671778,-1.94%
12/11/2018,3486,257293633,2.43%
12/12/2018,3305,286236675,-5.46%
12/13/2018,3235,290985461,-2.15%
12/14/2018,3233,165378770,-0.09%
12/15/2018,3255,148182655,0.70%
12/16/2018,3548,412454521,8.25%
12/17/2018,3716,327807645,4.51%
12/18/2018,3737,620695447,0.55%
12/19/2018,4138,724855206,9.69%
12/20/2018,3899,516656937,-6.13%
12/21/2018,4045,250085916,3.62%
12/22/2018,4008,235997621,-0.94%
12/23/2018,4082,459290147,1.82%
12/24/2018,3835,367200911,-6.45%
12/25/2018,3849,263439574,0.37%
12/26/2018,3646,305729129,-5.56%
12/27/2018,3948,353705007,7.64%
12/28/2018,3797,214891355,-3.97%
12/29/2018,3896,191958417,2.54%
12/30/2018,3747,206190464,-3.97%
12/31/2018,3880,170598308,3.42%
1/1/2019,3961,210854604,2.04%
1/2/2019,3836,176488072,-3.26%
1/3/2019,3874,170507611,0.99%
1/4/2019,3855,139438510,-0.48%
1/5/2019,4103,236298044,6.03%
1/6/2019,4050,209289368,-1.29%
1/7/2019,4041,268091045,-0.24%
1/8/2019,4048,223639029,0.19%
1/9/2019,3668,412522198,-10.36%
1/10/2019,3669,231465488,0.03%
1/11/2019,3664,103912541,-0.13%
1/12/2019,3551,164125049,-3.19%
1/13/2019,3704,204793030,4.12%
1/14/2019,3621,198582448,-2.28%
1/15/2019,3644,196211596,0.62%
1/16/2019,3685,168287506,1.12%
1/17/2019,3648,118317805,-1.02%
1/18/2019,3730,143238228,2.19%
1/19/2019,3568,177628516,-4.54%
1/20/2019,3572,129000925,0.12%
1/21/2019,3602,191355242,0.84%
1/22/2019,3572,135864248,-0.84%
1/23/2019,3599,113155247,0.74%
1/24/2019,3583,116674681,-0.44%
1/25/2019,3597,105927046,0.38%
1/26/2019,3565,93766118,-0.88%
1/27/2019,3453,206309739,-3.23%
1/28/2019,3418,158106687,-1.03%
1/29/2019,3467,146422486,1.41%
1/30/2019,3434,128773893,-0.96%
1/31/2019,3462,144476056,0.79%
2/1/2019,3509,94144187,1.34%
2/2/2019,3450,79591219,-1.71%
2/3/2019,3431,82280895,-0.54%
2/4/2019,3448,84042727,0.48%
2/5/2019,3395,150408588,-1.55%
2/6/2019,3375,97390902,-0.58%
2/7/2019,3660,317023029,7.78%
2/8/2019,3652,94200588,-0.21%
2/9/2019,3685,109365096,0.89%
2/10/2019,3611,146354074,-2.04%
2/11/2019,3617,164816439,0.17%
2/12/2019,3606,146822349,-0.32%
2/13/2019,3589,117804856,-0.48%
2/14/2019,3593,130398989,0.13%
2/15/2019,3617,86973823,0.66%
2/16/2019,3671,134218331,1.46%
2/17/2019,3913,376203280,6.18%
2/18/2019,3924,292137057,0.30%
2/19/2019,3974,209282292,1.25%
2/20/2019,3937,187314179,-0.94%
2/21/2019,3984,170405342,1.17%
2/22/2019,4149,231174632,3.99%
2/23/2019,3772,319071545,-10.01%
2/24/2019,3846,185036583,1.92%
2/25/2019,3818,126868887,-0.72%
2/26/2019,3831,175069055,0.34%
2/27/2019,3823,170646671,-0.19%
2/28/2019,3831,101774925,0.21%
3/1/2019,3843,73894413,0.30%
3/2/2019,3812,64065045,-0.80%
3/3/2019,3731,147245676,-2.17%
3/4/2019,3874,165062256,3.69%
3/5/2019,3875,129520549,0.02%
3/6/2019,3883,146201727,0.20%
3/7/2019,3868,153405088,-0.38%
3/8/2019,3948,108370246,2.02%
3/9/2019,3930,68252921,-0.46%
3/10/2019,3875,126998649,-1.42%
3/11/2019,3889,130291592,0.35%
3/12/2019,3878,108286927,-0.26%
3/13/2019,3881,133931876,0.08%
3/14/2019,3927,125588541,1.16%
3/15/2019,4027,166216281,2.48%
3/16/2019,3998,68146133,-0.73%
3/17/2019,3989,109428479,-0.23%
3/18/2019,4024,118919147,0.88%
3/19/2019,4057,148490745,0.80%
3/20/2019,3997,178077036,-1.50%
3/21/2019,4001,90726556,0.10%
3/22/2019,4007,74094018,0.16%
3/23/2019,3994,64375077,-0.33%
3/24/2019,3925,136398998,-1.77%
3/25/2019,3942,93805734,0.45%
3/26/2019,4046,149005782,2.56%
3/27/2019,4036,102296341,-0.24%
3/28/2019,4111,170915133,1.82%
3/29/2019,4118,102400534,0.16%
3/30/2019,4113,56727425,-0.13%
3/31/2019,4151,152826759,0.93%
4/1/2019,4907,814748126,15.40%
4/2/2019,4977,809158340,1.40%
4/3/2019,4913,370109008,-1.29%
4/4/2019,5047,280722247,2.65%
4/5/2019,5057,275839574,0.20%
4/6/2019,5201,243329883,2.77%
4/7/2019,5294,366577921,1.76%
4/8/2019,5201,253577595,-1.78%
4/9/2019,5319,349643837,2.21%
4/10/2019,5049,356811374,-5.35%
4/11/2019,5082,220667544,0.65%
4/12/2019,5081,118956125,-0.02%
4/13/2019,5166,108148234,1.64%
4/14/2019,5037,205867031,-2.55%
4/15/2019,5213,207311534,3.37%
4/16/2019,5236,194699629,0.45%
4/17/2019,5290,187312150,1.01%
4/18/2019,5296,158699050,0.11%
4/19/2019,5326,123577002,0.58%
4/20/2019,5306,134681237,-0.39%
4/21/2019,5395,242498188,1.65%
4/22/2019,5539,368556752,2.61%
4/23/2019,5455,339093001,-1.55%
4/24/2019,5163,374798665,-5.65%
4/25/2019,5234,366773360,1.36%
4/26/2019,5229,113430274,-0.09%
4/27/2019,5272,133564684,0.81%
4/28/2019,5238,167206787,-0.66%
4/29/2019,5351,172540196,2.11%
4/30/2019,5390,147345370,0.72%
5/1/2019,5501,192256640,2.02%
5/2/2019,5753,432335284,4.39%
5/3/2019,5840,263390274,1.48%
5/4/2019,5794,147662501,-0.79%
5/5/2019,5748,200316186,-0.80%
5/6/2019,5820,353043891,1.23%
5/7/2019,5999,241917027,2.99%
5/8/2019,6172,310336580,2.81%
5/9/2019,6358,430403405,2.93%
5/10/2019,7191,933141316,11.58%
5/11/2019,6978,1023203366,-3.06%
5/12/2019,7806,1140302647,10.62%
5/13/2019,7980,976094121,2.18%
5/14/2019,8184,694202804,2.49%
5/15/2019,7874,762104108,-3.93%
5/16/2019,7372,1023961963,-6.81%
5/17/2019,7266,303317487,-1.46%
5/18/2019,8193,723011166,11.32%
5/19/2019,7998,637617163,-2.44%
5/20/2019,7948,357803947,-0.63%
5/21/2019,7627,424501866,-4.21%
5/22/2019,7877,386766321,3.17%
5/23/2019,7996,413162747,1.50%
5/24/2019,8059,179206342,0.78%
5/25/2019,8726,483663700,7.64%
5/26/2019,8785,507164715,0.67%
5/27/2019,8719,360752200,-0.76%
5/28/2019,8665,380343929,-0.63%
5/29/2019,8276,815525591,-4.69%
5/30/2019,8551,502056528,3.21%
5/31/2019,8556,229736992,0.06%
6/1/2019,8738,221708083,2.08%
6/2/2019,8114,534972188,-7.68%
6/3/2019,7677,809220381,-5.69%
6/4/2019,7791,387021977,1.46%
6/5/2019,7807,342084400,0.21%
6/6/2019,8003,407241297,2.44%
6/7/2019,7934,186055500,-0.87%
6/8/2019,7643,234551796,-3.80%
6/9/2019,8021,339520552,4.71%
6/10/2019,7917,282632009,-1.31%
6/11/2019,8174,399065678,3.14%
6/12/2019,8236,315594037,0.75%
6/13/2019,8694,424131991,5.27%
6/14/2019,8854,333656492,1.80%
6/15/2019,8979,767025703,1.40%
6/16/2019,9336,606269266,3.82%
6/17/2019,9082,473016556,-2.80%
6/18/2019,9281,293070485,2.14%
6/19/2019,9537,424436855,2.69%
6/20/2019,10219,765543627,6.67%
6/21/2019,10690,1240328392,4.40%
6/22/2019,10856,619160986,1.53%
6/23/2019,11036,565444720,1.63%
6/24/2019,11740,953962631,6.00%
6/25/2019,12913,2685872365,9.08%
6/26/2019,11154,2345027204,-15.77%
6/27/2019,12355,1408438810,9.72%
6/28/2019,11884,968516835,-3.96%
6/29/2019,10769,917158052,-10.35%
6/30/2019,10592,1225129700,-1.67%
7/1/2019,10844,1239524970,2.33%
7/2/2019,11982,1313585830,9.49%
7/3/2019,11157,831236842,-7.40%
7/4/2019,10993,734424868,-1.49%
7/5/2019,11249,549769169,2.27%
7/6/2019,11474,418161890,1.96%
7/7/2019,12296,762033323,6.68%
7/8/2019,12567,993891866,2.16%
7/9/2019,12099,1554955348,-3.87%
7/10/2019,11343,1185222450,-6.66%
7/11/2019,11797,647690095,3.85%
7/12/2019,11364,668325183,-3.81%
7/13/2019,10204,814667763,-11.36%
7/14/2019,10850,965178342,5.95%
7/15/2019,9423,1140137760,-15.14%
7/16/2019,9696,965256824,2.81%
7/17/2019,10638,1033842557,8.86%
7/18/2019,10533,658190963,-1.00%
7/19/2019,10759,608954333,2.10%
7/20/2019,10587,405339891,-1.63%
7/21/2019,10326,524442852,-2.53%
7/22/2019,9854,529438124,-4.79%
7/23/2019,9772,531611909,-0.84%
7/24/2019,9882,403576364,1.12%
7/25/2019,9847,312717110,-0.36%
7/26/2019,9478,512612117,-3.89%
7/27/2019,9532,267243770,0.56%
7/28/2019,9507,299936368,-0.26%
7/29/2019,9596,276402323,0.92%
7/30/2019,10089,416343143,4.89%
7/31/2019,10410,442037342,3.08%
8/1/2019,10529,463688252,1.13%
8/2/2019,10820,367536517,2.69%
8/3/2019,10979,431699306,1.44%
8/4/2019,11808,870917187,7.02%
8/5/2019,11467,949534020,-2.97%
8/6/2019,11974,834719366,4.24%
8/7/2019,11983,588463520,0.07%
8/8/2019,11865,464214587,-0.99%
8/9/2019,11294,470049694,-5.06%
8/10/2019,11549,292814721,2.21%
8/11/2019,11387,229908139,-1.42%
8/12/2019,10872,483240070,-4.74%
8/13/2019,10032,728247546,-8.37%
8/14/2019,10309,842979141,2.68%
8/15/2019,10360,635040831,0.50%
8/16/2019,10221,251018340,-1.37%
8/17/2019,10326,223456176,1.02%
8/18/2019,10922,426168060,5.46%
8/19/2019,10771,332208752,-1.41%
8/20/2019,10132,584554032,-6.31%
8/21/2019,10104,380411208,-0.27%
8/22/2019,10410,324471966,2.94%
8/23/2019,10150,283755018,-2.57%
8/24/2019,10142,259448931,-0.08%
8/25/2019,10365,437989369,2.15%
8/26/2019,10175,269489962,-1.86%
8/27/2019,9723,486936428,-4.66%
8/28/2019,9493,406305621,-2.42%
8/29/2019,9587,276606373,0.99%
8/30/2019,9625,148320616,0.39%
8/31/2019,9768,149995550,1.47%
9/1/2019,10388,429220163,5.96%
9/2/2019,10625,550564713,2.24%
9/3/2019,10585,436210232,-0.38%
9/4/2019,10556,253210794,-0.28%
9/5/2019,10310,577987385,-2.39%
9/6/2019,10492,197436363,1.74%
9/7/2019,10421,198370975,-0.68%
9/8/2019,10315,340516852,-1.03%
9/9/2019,10109,266382298,-2.03%
9/10/2019,10165,283998084,0.55%
9/11/2019,10429,275877682,2.53%
9/12/2019,10372,251594742,-0.55%
9/13/2019,10366,161565882,-0.06%
9/14/2019,10313,120645589,-0.51%
9/15/2019,10272,280632568,-0.40%
9/16/2019,10199,221966422,-0.72%
9/17/2019,10163,221697129,-0.35%
9/18/2019,10281,456963433,1.14%
9/19/2019,10176,213229234,-1.03%
9/20/2019,9988,179453539,-1.88%
9/21/2019,10037,178007947,0.48%
9/22/2019,9695,327752087,-3.53%
9/23/2019,8543,1084866144,-13.49%
9/24/2019,8447,631898764,-1.13%
9/25/2019,8075,652614930,-4.61%
9/26/2019,8201,390323711,1.54%
9/27/2019,8224,244186983,0.27%
9/28/2019,8065,226712656,-1.96%
9/29/2019,8315,407250929,3.00%
9/30/2019,8327,355446344,0.14%
10/1/2019,8392,205325219,0.77%
10/2/2019,8246,250685864,-1.76%
10/3/2019,8168,214500279,-0.96%
10/4/2019,8172,141685742,0.05%
10/5/2019,7868,239636660,-3.87%
10/6/2019,8215,321239401,4.22%
10/7/2019,8192,173334218,-0.28%
10/8/2019,8593,398201725,4.67%
10/9/2019,8597,250267420,0.04%
10/10/2019,8278,326882172,-3.85%
10/11/2019,8317,92609965,0.46%
10/12/2019,8296,168896951,-0.24%
10/13/2019,8364,146015533,0.81%
10/14/2019,8173,205674618,-2.33%
10/15/2019,8014,274670310,-1.99%
10/16/2019,8082,175172894,0.84%
10/17/2019,7973,221065928,-1.38%
10/18/2019,7974,143202359,0.01%
10/19/2019,8247,205394286,3.32%
10/20/2019,8223,188511540,-0.29%
10/21/2019,8035,200593851,-2.35%
10/22/2019,7480,457672451,-7.42%
10/23/2019,7444,213663115,-0.47%
10/24/2019,8671,656574822,14.15%
10/25/2019,9259,1457875080,6.35%
10/26/2019,9551,614726341,3.05%
10/27/2019,9222,522287120,-3.56%
10/28/2019,9433,377872981,2.23%
10/29/2019,9170,315824657,-2.87%
10/30/2019,9158,329788397,-0.13%
10/31/2019,9261,251360755,1.11%
11/1/2019,9312,159847330,0.55%
11/2/2019,9222,144662761,-0.98%
11/3/2019,9422,275923702,2.12%
11/4/2019,9324,233491267,-1.05%
11/5/2019,9347,208985450,0.25%
11/6/2019,9209,196879611,-1.51%
11/7/2019,8772,371135405,-4.97%
11/8/2019,8822,116025279,0.57%
11/9/2019,9046,162649217,2.47%
11/10/2019,8726,226035620,-3.66%
11/11/2019,8815,194901130,1.01%
11/12/2019,8774,138900524,-0.47%
11/13/2019,8640,164630654,-1.54%
11/14/2019,8469,267441968,-2.03%
11/15/2019,8499,79597461,0.36%
11/16/2019,8515,122271718,0.19%
11/17/2019,8190,250358969,-3.97%
11/18/2019,8134,198180594,-0.70%
11/19/2019,8094,147086043,-0.49%
11/20/2019,7633,354377783,-6.04%
11/21/2019,7292,680349857,-4.67%
11/22/2019,7339,185099411,0.64%
11/23/2019,6930,249710266,-5.90%
11/24/2019,7138,596056756,2.92%
11/25/2019,7170,259675009,0.44%
11/26/2019,7532,485895588,4.80%
11/27/2019,7442,225350756,-1.20%
11/28/2019,7769,285280638,4.21%
11/29/2019,7572,189533167,-2.61%
11/30/2019,7421,226245529,-2.04%
12/1/2019,7321,184009273,-1.36%
12/2/2019,7314,135997338,-0.10%
12/3/2019,7208,360525572,-1.47%
12/4/2019,7407,220875660,2.69%
12/5/2019,7559,209851297,2.01%
12/6/2019,7515,106572220,-0.58%
12/7/2019,7540,120000309,0.33%
12/8/2019,7351,262161330,-2.57%
12/9/2019,7234,170419386,-1.61%
12/10/2019,7212,143267855,-0.30%
12/11/2019,7199,201666958,-0.18%
12/12/2019,7262,135777985,0.86%
12/13/2019,7080,111796861,-2.56%
12/14/2019,7132,113742866,0.73%
12/15/2019,6897,278223344,-3.41%
12/16/2019,6636,310739632,-3.94%
12/17/2019,7295,491429584,9.03%
12/18/2019,7159,249541907,-1.89%
12/19/2019,7203,168963965,0.61%
12/20/2019,7159,86864837,-0.61%
12/21/2019,7518,200586647,4.76%
12/22/2019,7327,336425000,-2.61%
12/23/2019,7261,203013414,-0.90%
12/24/2019,7203,108513256,-0.81%
12/25/2019,7207,169067214,0.06%
12/26/2019,7254,183588691,0.64%
12/27/2019,7316,106581355,0.85%
12/28/2019,7399,135257937,1.13%
12/29/2019,7234,168180499,-2.28%
12/30/2019,7184,140384995,-0.70%
12/31/2019,7190,85986188,0.08%
1/1/2020,6966,187393954,-3.22%
1/2/2020,7340,376690440,5.10%
1/3/2020,7358,162106895,0.24%
1/4/2020,7360,179147747,0.03%
1/5/2020,7763,352286217,5.19%
1/6/2020,8160,600054472,4.87%
1/7/2020,8045,699004343,-1.43%
1/8/2020,7817,316199457,-2.91%
1/9/2020,8190,441131626,4.55%
1/10/2020,8025,250060124,-2.07%
1/11/2020,8181,142197586,1.92%
1/12/2020,8107,184437466,-0.92%
1/13/2020,8821,768098459,8.10%
1/14/2020,8813,441186934,-0.09%
1/15/2020,8720,290989713,-1.07%
1/16/2020,8895,432856378,1.97%
1/17/2020,8909,176837362,0.16%
1/18/2020,8703,421483277,-2.38%
1/19/2020,8634,189247381,-0.79%
1/20/2020,8725,196404470,1.04%
1/21/2020,8667,149906744,-0.66%
1/22/2020,8394,323273085,-3.25%
1/23/2020,8432,233502999,0.44%
1/24/2020,8346,119345600,-1.03%
1/25/2020,8602,189985702,2.98%
1/26/2020,8899,329416203,3.33%
1/27/2020,9392,471220883,5.25%
1/28/2020,9286,345265419,-1.14%
1/29/2020,9501,430815724,2.26%
1/30/2020,9342,292627758,-1.70%
1/31/2020,9384,138614092,0.45%
2/1/2020,9334,225322638,-0.54%
2/2/2020,9289,312315107,-0.49%
2/3/2020,9172,244997962,-1.28%
2/4/2020,9611,448381300,4.57%
2/5/2020,9756,410313694,1.48%
2/6/2020,9808,249852208,0.54%
2/7/2020,9898,244352034,0.91%
2/8/2020,10158,340301630,2.55%
2/9/2020,9858,406256358,-3.04%
2/10/2020,10269,495614708,4.01%
2/11/2020,10348,449510879,0.76%
2/12/2020,10233,507955952,-1.12%
2/13/2020,10360,297409587,1.23%
2/14/2020,9905,300819429,-4.59%
2/15/2020,9926,272176495,0.20%
2/16/2020,9702,359702988,-2.30%
2/17/2020,10183,382869719,4.72%
2/18/2020,9602,473100344,-6.04%
2/19/2020,9609,352949374,0.07%
2/20/2020,9698,293546157,0.92%
2/21/2020,9671,118171545,-0.27%
2/22/2020,9977,228093372,3.07%
2/23/2020,9664,331102536,-3.24%
2/24/2020,9316,329372825,-3.74%
2/25/2020,8794,588359496,-5.94%
2/26/2020,8822,413657559,0.32%
2/27/2020,8719,360795192,-1.17%
2/28/2020,8545,146455562,-2.03%
2/29/2020,8549,219324311,0.05%
3/1/2020,8920,290280969,4.15%
3/2/2020,8766,252211806,-1.76%
3/3/2020,8774,194233894,0.09%
3/4/2020,9075,305196274,3.32%
3/5/2020,9160,192168164,0.93%
3/6/2020,8904,187063952,-2.88%
3/7/2020,8058,533371350,-10.50%
3/8/2020,7944,682781069,-1.43%
3/9/2020,7895,427332546,-0.63%
3/10/2020,7945,372704355,0.64%
3/11/2020,4917,1769476929,-61.60%
3/12/2020,5633,1663092006,12.71%
3/13/2020,5182,474539626,-8.70%
3/14/2020,5357,568696763,3.27%
3/15/2020,5045,996661883,-6.18%
3/16/2020,5338,618671972,5.48%
3/17/2020,5413,576456806,1.39%
3/18/2020,6185,868668217,12.48%
3/19/2020,6206,947038098,0.35%
3/20/2020,6195,415771089,-0.18%
3/21/2020,5828,457211402,-6.30%
3/22/2020,6504,667919370,10.38%
3/23/2020,6767,700444488,3.90%
3/24/2020,6694,566264216,-1.09%
3/25/2020,6758,302121295,0.94%
3/26/2020,6383,381303012,-5.88%
3/27/2020,6252,378476571,-2.08%
3/28/2020,5882,286789900,-6.30%
3/29/2020,6403,445848282,8.14%
3/30/2020,6424,233613490,0.32%
3/31/2020,6664,377164251,3.60%
4/1/2020,6804,635319848,2.07%
4/2/2020,6744,379639120,-0.90%
4/3/2020,6876,230044243,1.92%
4/4/2020,6782,182019862,-1.39%
4/5/2020,7347,560075870,7.70%
4/6/2020,7202,516422837,-2.02%
4/7/2020,7367,445330044,2.25%
4/8/2020,7295,321287690,-1.00%
4/9/2020,6876,440132415,-6.08%
4/10/2020,6888,171352840,0.16%
4/11/2020,6914,297514761,0.38%
4/12/2020,6859,426458894,-0.79%
4/13/2020,6879,307409557,0.29%
4/14/2020,6630,336722797,-3.77%
4/15/2020,7115,685621725,6.82%
4/16/2020,7037,324325511,-1.10%
4/17/2020,7264,258251103,3.13%
4/18/2020,7133,211422410,-1.84%
4/19/2020,6842,452319849,-4.24%
4/20/2020,6855,305844254,0.18%
4/21/2020,7135,308254466,3.93%
4/22/2020,7489,599195848,4.72%
4/23/2020,7509,389027134,0.27%
4/24/2020,7547,227962632,0.50%
4/25/2020,7701,251857766,2.01%
4/26/2020,7787,374439202,1.11%
4/27/2020,7760,297442242,-0.35%
4/28/2020,8785,1324299206,11.66%
4/29/2020,8638,1439132257,-1.71%
4/30/2020,8829,620133840,2.17%
5/1/2020,8981,321429140,1.69%
5/2/2020,8907,534161420,-0.83%
5/3/2020,8882,568639005,-0.29%
5/4/2020,9030,538111123,1.64%
5/5/2020,9153,818515486,1.35%
5/6/2020,10000,1213223440,8.47%
5/7/2020,9808,907665362,-1.96%
5/8/2020,9541,580103588,-2.80%
5/9/2020,8735,1159765921,-9.23%
5/10/2020,8569,1259789388,-1.94%
5/11/2020,8821,580579257,2.86%
5/12/2020,9317,622255319,5.33%
5/13/2020,9793,936692998,4.86%
5/14/2020,9312,798930934,-5.17%
5/15/2020,9387,348262439,0.80%
5/16/2020,9671,505834873,2.93%
5/17/2020,9723,606235218,0.54%
5/18/2020,9780,587660020,0.59%
5/19/2020,9509,593918718,-2.85%
5/20/2020,9059,798218782,-4.97%
5/21/2020,9171,405255700,1.22%
5/22/2020,9186,217819517,0.17%
5/23/2020,8718,412753415,-5.36%
5/24/2020,8901,386241518,2.06%
5/25/2020,8845,352930782,-0.64%
5/26/2020,9205,381475135,3.91%
5/27/2020,9580,530613444,3.92%
5/28/2020,9425,379875666,-1.65%
5/29/2020,9700,235049817,2.84%
5/30/2020,9450,212143032,-2.64%
5/31/2020,10211,435270238,7.45%
6/1/2020,9524,812990990,-7.22%
6/2/2020,9666,316212539,1.47%
6/3/2020,9795,418578381,1.31%
6/4/2020,9622,406449067,-1.79%
6/5/2020,9671,221180783,0.51%
6/6/2020,9751,374577294,0.81%
6/7/2020,9783,318606276,0.33%
6/8/2020,9780,376816490,-0.03%
6/9/2020,9892,395005943,1.13%
6/10/2020,9268,827582594,-6.73%
6/11/2020,9464,384322098,2.07%
6/12/2020,9475,156509666,0.11%
6/13/2020,9334,181308843,-1.51%
6/14/2020,9430,616170633,1.02%
6/15/2020,9527,378768703,1.02%
6/16/2020,9459,325191529,-0.71%
6/17/2020,9381,236301644,-0.84%
6/18/2020,9302,295439172,-0.85%
6/19/2020,9359,182464228,0.61%
6/20/2020,9293,123480945,-0.71%
6/21/2020,9692,393567344,4.11%
6/22/2020,9624,296221140,-0.70%
6/23/2020,9293,461570782,-3.57%
6/24/2020,9241,435446758,-0.56%
6/25/2020,9158,371373315,-0.91%
6/26/2020,9007,254990739,-1.68%
6/27/2020,9120,179558603,1.24%
6/28/2020,9187,283764928,0.73%
6/29/2020,9136,213905503,-0.55%
6/30/2020,9239,274835041,1.11%
7/1/2020,9093,343433369,-1.61%
7/2/2020,9066,198428092,-0.29%
7/3/2020,9142,147598291,0.83%
7/4/2020,9081,159006413,-0.67%
7/5/2020,9347,340664721,2.84%
7/6/2020,9257,239497399,-0.97%
7/7/2020,9439,350318106,1.93%
7/8/2020,9239,280648694,-2.17%
7/9/2020,9289,224680670,0.53%
7/10/2020,9237,108899835,-0.56%
7/11/2020,9301,151649368,0.69%
7/12/2020,9238,240081841,-0.68%
7/13/2020,9256,238308477,0.20%
7/14/2020,9193,216386874,-0.68%
7/15/2020,9133,254255550,-0.66%
7/16/2020,9157,187710134,0.26%
7/17/2020,9177,109563332,0.22%
7/18/2020,9216,117297958,0.42%
7/19/2020,9164,171877003,-0.56%
7/20/2020,9393,337645739,2.43%
7/21/2020,9537,281661129,1.51%
7/22/2020,9615,415079930,0.81%
7/23/2020,9550,323092524,-0.68%
7/24/2020,9708,233301044,1.63%
7/25/2020,9942,417337407,2.35%
7/26/2020,11043,1363674374,9.97%
7/27/2020,10933,938667838,-1.00%
7/28/2020,11112,689206497,1.61%
7/29/2020,11114,503563544,0.01%
7/30/2020,11353,608151204,2.11%
7/31/2020,11812,741252934,3.89%
8/1/2020,11064,721639453,-6.77%
8/2/2020,11235,473995003,1.52%
8/3/2020,11194,393301819,-0.36%
8/4/2020,11752,555395574,4.75%
8/5/2020,11771,587033760,0.16%
8/6/2020,11604,651142053,-1.44%
8/7/2020,11771,271582305,1.42%
8/8/2020,11686,231830330,-0.72%
8/9/2020,11897,667803526,1.77%
8/10/2020,11389,724227265,-4.46%
8/11/2020,11570,430758055,1.57%
8/12/2020,11791,487564727,1.87%
8/13/2020,11775,437825096,-0.14%
8/14/2020,11861,369258185,0.73%
8/15/2020,11918,260716863,0.48%
8/16/2020,12301,682170133,3.12%
8/17/2020,11957,604246044,-2.88%
8/18/2020,11760,590122895,-1.67%
8/19/2020,11863,510502417,0.87%
8/20/2020,11527,745059090,-2.92%
8/21/2020,11670,572197826,1.23%
8/22/2020,11652,388308826,-0.16%
8/23/2020,11756,459366141,0.89%
8/24/2020,11331,583786229,-3.76%
8/25/2020,11467,309986443,1.19%
8/26/2020,11331,464957173,-1.20%
8/27/2020,11535,353027934,1.77%
8/28/2020,11480,187746013,-0.48%
8/29/2020,11717,190649396,2.01%
8/30/2020,11658,307926586,-0.50%
8/31/2020,11927,537292264,2.25%
9/1/2020,11398,618129314,-4.64%
9/2/2020,10175,894736679,-12.02%
9/3/2020,10467,562742223,2.80%
9/4/2020,10168,614402772,-2.94%
9/5/2020,10260,300644747,0.90%
9/6/2020,10379,422137373,1.14%
9/7/2020,10129,553186747,-2.47%
9/8/2020,10229,346738492,0.98%
9/9/2020,10346,452098495,1.13%
9/10/2020,10399,266084892,0.51%
9/11/2020,10448,184001055,0.47%
9/12/2020,10332,299956975,-1.12%
9/13/2020,10678,359274837,3.24%
9/14/2020,10787,369481767,1.00%
9/15/2020,10957,372894155,1.56%
9/16/2020,10945,293584350,-0.11%
9/17/2020,10938,248821619,-0.07%
9/18/2020,11084,193207450,1.31%
9/19/2020,10922,237773867,-1.48%
9/20/2020,10418,473754186,-4.83%
9/21/2020,10535,301280977,1.11%
9/22/2020,10238,277589382,-2.90%
9/23/2020,10743,304956298,4.70%
9/24/2020,10694,360929423,-0.46%
9/25/2020,10734,148097714,0.37%
9/26/2020,10781,148127427,0.44%
9/27/2020,10699,350615326,-0.77%
9/28/2020,10841,334584439,1.31%
9/29/2020,10779,317604087,-0.57%
9/30/2020,10623,422940487,-1.47%
10/1/2020,10577,355424409,-0.44%
10/2/2020,10552,110570157,-0.23%
10/3/2020,10676,111420779,1.16%
10/4/2020,10795,255950434,1.11%
10/5/2020,10604,329346366,-1.80%
10/6/2020,10673,208253473,0.64%
10/7/2020,10929,423807796,2.35%
10/8/2020,11059,359802403,1.17%
10/9/2020,11302,296925751,2.15%
10/10/2020,11376,202131016,0.65%
10/11/2020,11540,478557075,1.42%
10/12/2020,11427,383360257,-0.98%
10/13/2020,11429,259711904,0.02%
10/14/2020,11508,377801263,0.69%
10/15/2020,11326,332320579,-1.61%
10/16/2020,11368,112306061,0.36%
10/17/2020,11513,131886571,1.27%
10/18/2020,11757,456404610,2.07%
10/19/2020,11922,576128150,1.38%
10/20/2020,12813,1296152946,6.96%
10/21/2020,12990,739591002,1.36%
10/22/2020,12937,416662856,-0.41%
10/23/2020,13126,273005905,1.44%
10/24/2020,13041,368884233,-0.65%
10/25/2020,13069,460984686,0.22%
10/26/2020,13646,603406480,4.23%
10/27/2020,13286,434942188,-2.71%
10/28/2020,13462,555737562,1.31%
10/29/2020,13566,756044941,0.76%
10/30/2020,13803,600104834,1.72%
10/31/2020,13762,286724152,-0.30%
11/1/2020,13571,453096298,-1.40%
11/2/2020,14024,300271387,3.23%
11/3/2020,14158,423118194,0.95%
11/4/2020,15600,625288741,9.24%
11/5/2020,15591,538014394,-0.06%
11/6/2020,14838,388303730,-5.07%
11/7/2020,15488,285202500,4.20%
11/8/2020,15335,492570531,-1.00%
11/9/2020,15314,352628989,-0.14%
11/10/2020,15707,717920492,2.50%
11/11/2020,16307,1074746062,3.68%
11/12/2020,16333,694320640,0.16%
11/13/2020,16076,452657738,-1.60%
11/14/2020,15965,286912255,-0.70%
11/15/2020,16721,685608661,4.53%
11/16/2020,17682,1072294335,5.43%
11/17/2020,17786,1441862086,0.59%
11/18/2020,17825,859856046,0.22%
11/19/2020,18673,939934212,4.54%
11/20/2020,18704,705040527,0.17%
11/21/2020,18431,796767992,-1.48%
11/22/2020,18386,902518529,-0.24%
11/23/2020,19157,1403472685,4.03%
11/24/2020,18726,1141495120,-2.30%
11/25/2020,17176,2220672633,-9.02%
11/26/2020,17155,1034426524,-0.12%
11/27/2020,17740,605284902,3.30%
11/28/2020,18199,489679990,2.52%
11/29/2020,19687,1493787961,7.56%
11/30/2020,18792,1743191339,-4.76%
12/1/2020,19226,903817774,2.26%
12/2/2020,19448,747088833,1.14%
12/3/2020,18665,804366524,-4.20%
12/4/2020,19157,388466884,2.57%
12/5/2020,19379,405708588,1.15%
12/6/2020,19181,477334575,-1.03%
12/7/2020,18324,866543429,-4.68%
12/8/2020,18550,1057335071,1.22%
12/9/2020,18250,684802762,-1.64%
12/10/2020,18035,809318888,-1.20%
12/11/2020,18815,484239535,4.15%
12/12/2020,19169,592021818,1.85%
12/13/2020,19275,456841100,0.55%
12/14/2020,19442,819839290,0.86%
12/15/2020,21352,1949841495,8.95%
12/16/2020,22822,3194654468,6.44%
12/17/2020,23136,1362467582,1.35%
12/18/2020,23845,1268054141,2.97%
12/19/2020,23467,1014224950,-1.61%
12/20/2020,22727,1750627321,-3.26%
12/21/2020,23823,1149767379,4.60%
12/22/2020,23240,1552020952,-2.51%
12/23/2020,23724,923848543,2.04%
12/24/2020,24708,1199894883,3.98%
12/25/2020,26446,1611547513,6.57%
12/26/2020,26249,2463390777,-0.75%
12/27/2020,27039,1402005894,2.92%
12/28/2020,27361,1479551412,1.17%
12/29/2020,28890,1993721842,5.29%
12/30/2020,28972,1924969475,0.29%
12/31/2020,29389,1487306219,1.42%
1/1/2021,32204,3750440818,8.74%
1/2/2021,33063,3132759315,2.60%
1/3/2021,32031,3901979150,-3.22%
1/4/2021,34038,3037657026,5.90%
1/5/2021,36850,3788317476,7.63%
1/6/2021,39479,4753170181,6.66%
1/7/2021,40636,4705592327,2.85%
1/8/2021,40237,2241901362,-0.99%
1/9/2021,38202,3983391029,-5.33%
1/10/2021,35496,8100819368,-7.62%
1/11/2021,34058,3999535589,-4.22%
1/12/2021,37381,3198683392,8.89%
1/13/2021,39156,2895085049,4.53%
1/14/2021,36790,3288447635,-6.43%
1/15/2021,36025,1995053500,-2.12%
1/16/2021,35840,1806688237,-0.52%
1/17/2021,36623,1554686784,2.14%
1/18/2021,35933,1787957383,-1.92%
1/19/2021,35501,2316775668,-1.22%
1/20/2021,30840,4019512127,-15.11%
1/21/2021,33008,3353813976,6.57%
1/22/2021,32107,1269262152,-2.81%
1/23/2021,32284,1061008072,0.55%
1/24/2021,32275,1960131215,-0.03%
1/25/2021,32517,1886292212,0.74%
1/26/2021,30423,3149650799,-6.88%
1/27/2021,33444,2463162479,9.03%
1/28/2021,34252,6015929350,2.36%
1/29/2021,34318,1574213551,0.19%
1/30/2021,33143,1176981987,-3.54%
1/31/2021,33536,1623291067,1.17%
2/1/2021,35524,1789698965,5.60%
2/2/2021,37677,2340630205,5.71%
2/3/2021,36983,2767003412,-1.88%
2/4/2021,36981,96928930,-0.01%
