Date,Open,High,Low,Close,Adj Close,Volume,
2015-05-21,28,28.74,24.110001,25.68,25.68,12303900,0.752753215
2015-05-26,29.799999,30.34,29.08,29.65,29.65,820200,0.360328623
2015-06-02,27.469999,27.469999,26.65,26.950001,26.950001,379800,0.755579365
2015-06-05,26.66,27.389999,26.1,27.389999,27.389999,129400,0.0117606
2015-06-08,26.9,27.48,26.82,26.98,26.98,280900,0.917645155
2015-06-10,28.450001,28.879999,27.950001,28.1,28.1,273400,0.001602656
2015-06-15,33.970001,38.119999,32.919998,35.5,35.5,1694300,0.034737137
2015-06-23,37.75,38.099998,35.169998,35.43,35.43,293900,0.965609669
2015-06-24,35.119999,37.429001,34.139999,35.959999,35.959999,564400,0.718193078
2015-06-25,36.34,36.5,34.799999,34.84,34.84,208200,0.646790362
2015-06-29,32.52,33.509998,31.200001,31.32,31.32,315500,0.870483123
2015-07-02,31.51,31.73,30.620001,31.309999,31.309999,303200,0.772372315
2015-07-08,30.02,30.360001,29.030001,29.190001,29.190001,186900,0.491183132
2015-07-13,29.85,30.99,29.76,30.42,30.42,220100,0.517366147
2015-07-23,32.59,34.43,32.580002,33.110001,33.110001,265500,0.410536702
2015-07-24,33.450001,34.75,33.240002,33.57,33.57,357700,0.073223654
2015-07-31,38.130001,38.25,36.349998,37.389999,37.389999,525800,0.306606482
2015-08-04,40.110001,41.110001,38.130001,38.41,38.41,572500,0.008203668
2015-08-07,36.27,36.27,34.25,35.16,35.16,321500,0.942862911
2015-08-10,35.299999,36.139999,32.869999,33.470001,33.470001,479900,0.272877589
2015-08-12,34.849998,35.209999,33.75,34.73,34.73,236900,0.599299407
2015-08-13,34.790001,36.490002,34.509998,35.310001,35.310001,225900,0.901547464
2015-08-17,34.77,35,33.299999,34.41,34.41,162300,0.829965156
2015-08-19,32.369999,32.470001,30.6,31.1,31.1,444700,0.704536535
2015-08-20,30.76,31.1,29.15,29.219999,29.219999,269600,0.725875204
2015-08-25,28.290001,29.780001,26.85,26.93,26.93,304300,0.279467768
2015-08-26,28.5,28.57,26.299999,28.219999,28.219999,390100,0.61254526
2015-08-27,28.940001,29.6,27.799999,28.51,28.51,268200,0.098177064
2015-09-01,27.290001,27.290001,26.389999,26.6,26.6,130100,0.894259517
2015-09-03,26.559999,28,26.51,27.15,27.15,132500,0.943852445
2015-09-04,26.98,27.23,26.370001,26.809999,26.809999,129100,0.505376262
2015-09-15,27.139999,28.459999,27.1,28.110001,28.110001,251100,0.358210483
2015-09-21,35.700001,37,34.75,34.830002,34.830002,393500,0.754865305
2015-09-22,34.5,34.5,32.810001,33.66,33.66,332700,0.228104232
2015-09-23,33.529999,34.669998,32.830002,33.5,33.5,340000,0.368832971
2015-09-25,33.849998,35.639999,33.119999,33.91,33.91,355200,0.99742508
2015-09-28,33.639999,33.966999,32.5,33.049999,33.049999,204900,0.0986702
2015-10-12,37.040001,37.341999,30.5,34.310001,34.310001,819400,0.624466006
2015-10-13,34.970001,35.599998,33.060001,33.119999,33.119999,191200,0.473787227
2015-10-20,33.439999,33.529999,31.190001,31.5,31.5,284700,0.655956499
2015-10-21,31.540001,32.540001,31.32,31.950001,31.950001,153400,0.179135462
2015-10-22,32.27,32.450001,31.709999,32.009998,32.009998,229300,0.626000254
2015-10-27,30.68,31.040001,29.719999,31.040001,31.040001,296200,0.049427226
2015-10-28,30.620001,31.24,30.26,31.120001,31.120001,109100,0.563334849
2015-11-11,28.83,29,27.700001,28.18,28.18,310800,0.963689613
2015-11-17,26.5,27,25.530001,26.389999,26.389999,2604100,0.706087918
2015-11-18,26.870001,28,26.5,28,28,1907400,0.383369145
2015-11-20,29.5,29.6,27.719999,28.23,28.23,884200,0.812141704
2015-11-23,28.15,29,27.861,28.870001,28.870001,386300,0.152945463
2015-11-25,27.25,27.677999,26.26,26.440001,26.440001,934000,0.612643569
2015-11-30,26.9,26.959999,26.219999,26.34,26.34,509800,0.81770448
2015-12-01,26.18,26.700001,26.18,26.280001,26.280001,433000,0.457489049
2015-12-02,26.32,26.57,25.799999,26.41,26.41,385500,0.309781895
2015-12-07,26.629999,27.15,26.540001,26.879999,26.879999,616200,0.149544582
2015-12-08,26.4,26.790001,26.040001,26.48,26.48,473200,0.922166763
2015-12-11,24.629999,25.280001,24.540001,24.76,24.76,191200,0.499922242
2015-12-15,24.49,25.57,24.4,25.360001,25.360001,526600,0.365964901
2015-12-24,24.940001,25.450001,24.93,25.34,25.34,103900,0.819948083
2015-12-28,25.27,25.459999,24.76,24.84,24.84,112500,0.667314467
2015-12-30,25.120001,26.559999,25.120001,25.98,25.98,242900,0.356309574
2016-01-04,25.42,25.834999,24.52,25.719999,25.719999,601800,0.680442052
2016-01-05,25.5,26.5,25.26,25.309999,25.309999,418200,0.913872047
2016-01-12,24.15,24.719999,23.41,23.74,23.74,369800,0.697613974
2016-01-15,20.24,20.24,18.48,19.889999,19.889999,921200,0.085514826
2016-01-20,20,20.950001,18.610001,20.530001,20.530001,502600,0.389893323
2016-01-25,23.129999,23.68,22.66,23.129999,23.129999,338000,0.510928559
2016-01-27,22.92,23.24,22,22,22,289000,0.960349006
2016-02-01,23.26,23.709999,22.860001,23.530001,23.530001,373400,0.138401117
2016-02-02,23.27,23.514999,22.190001,22.620001,22.620001,538700,0.864386877
2016-02-08,21.52,21.75,19.92,20.379999,20.379999,623700,0.944749475
2016-02-09,20.32,21.030001,19.690001,19.85,19.85,392700,0.090155274
2016-02-11,19.5,19.99,18.9,19.370001,19.370001,212600,0.015460935
2016-02-17,24.290001,24.809999,21.639999,22.370001,22.370001,3491400,0.519789585
2016-02-26,21.690001,22.120001,21.32,22,22,1106200,0.100677683
2016-03-07,25,25.91,24.77,25.870001,25.870001,861900,0.793906266
2016-03-09,26.91,26.91,26.02,26.07,26.07,949900,0.827319224
2016-03-15,26.35,26.454,25.656,25.83,25.83,269300,0.746923805
2016-03-16,25.84,26.950001,25.57,26.799999,26.799999,401000,0.493290862
2016-03-28,27.68,27.809999,26.879999,27.59,27.59,544400,0.611151777
2016-04-07,29.469999,29.690001,28.941,29.209999,29.209999,320300,0.260749206
2016-04-15,31.02,31.09,30.549999,30.969999,30.969999,290400,0.672573281
2016-04-22,31.530001,31.99,31.200001,31.809999,31.809999,224200,0.656502473
2016-04-26,31.389999,31.59,30.889999,31.469999,31.469999,216700,0.605660378
2016-04-28,32.060001,32.099998,31.49,31.75,31.75,282500,0.876838117
2016-04-29,31.860001,32.279999,31.65,31.85,31.85,365200,0.105471063
2016-05-06,28.4,28.4,27.43,27.719999,27.719999,728800,0.258554296
2016-05-11,26.629999,26.629999,25.959999,26.27,26.27,410300,0.890678921
2016-05-18,26.65,27.48,26.15,26.34,26.34,625300,0.261696445
2016-05-19,26.07,26.290001,25.700001,25.969999,25.969999,760400,0.918866523
2016-05-25,27.1,28.33,27.040001,28.200001,28.200001,924100,0.868653482
2016-05-31,28.790001,29.41,28.6,29.290001,29.290001,852600,0.354019066
2016-06-03,29.99,30.15,29.299999,29.58,29.58,496500,0.843274124
2016-06-06,29.719999,30.08,29.450001,30,30,987200,0.307991058
2016-06-14,27.85,29.07,27.75,29.049999,29.049999,415000,0.854166121
2016-06-15,29.01,29.48,28.620001,28.66,28.66,375400,0.654065
2016-06-17,28.530001,29.120001,28.209999,28.940001,28.940001,344000,0.027066918
2016-06-22,29.76,30.155001,29.540001,29.809999,29.809999,383000,0.86120821
2016-06-27,28.6,29.030001,26.35,27.16,27.16,887800,0.102586239
2016-06-28,27.790001,28.540001,27.24,28.540001,28.540001,640900,0.208449985
2016-07-05,30.969999,30.969999,30.25,30.610001,30.610001,659200,0.639042076
2016-07-08,30.6,31.110001,30.541,31,31,889800,0.893570002
2016-07-12,32,33.25,31.950001,32.490002,32.490002,1448600,0.511226826
2016-07-14,32.41,32.5,31.889999,32.099998,32.099998,611600,0.205652442
2016-07-19,32.34,33.349998,32.279999,33.259998,33.259998,1570100,0.770948558
2016-07-20,32.810001,33.57,32.73,33.09,33.09,1239200,0.662990239
2016-07-22,32.900002,33.459999,32.470001,32.869999,32.869999,1637000,0.908704296
2016-07-25,32.959999,33.099998,32.5,32.599998,32.599998,540600,0.048586044
2016-07-27,32.98,33.52,32.790001,33.209999,33.209999,856900,0.05790017
2016-07-28,33.509998,34.57,33.43,34.27,34.27,1046900,0.550720633
2016-07-29,34.310001,34.759998,33.5,34.27,34.27,670900,0.593475896
2016-08-08,37.529999,38.740002,37.325001,38.310001,38.310001,1203300,0.500019112
2016-08-15,39.860001,39.900002,38.880001,39.080002,39.080002,1199200,0.983253896
2016-08-16,38.02,39.48,37,38.369999,38.369999,1924300,0.850463317
2016-08-17,38.900002,39.57,38.599998,38.740002,38.740002,5811300,0.538499257
2016-08-18,38.73,40.650002,38.68,40.25,40.25,2196900,0.924610678
2016-08-19,40.369999,42.790001,40.25,42.41,42.41,1738500,0.538510173
2016-09-06,42.82,43.57,42.5,43.189999,43.189999,810200,0.586183771
2016-09-08,42.700001,43.48,42.389999,43.209999,43.209999,651100,0.957515833
2016-09-12,40.080002,42.330002,39.779999,41.630001,41.630001,1029500,0.017008042
2016-09-16,41.860001,41.860001,40.810001,41.490002,41.490002,689300,0.409184799
2016-09-20,43.130001,43.32,41.52,42.459999,42.459999,973200,0.355028534
2016-09-22,44.990002,45.200001,43.599998,43.860001,43.860001,1021600,0.605888262
2016-09-23,43.860001,43.970001,42.860001,43.349998,43.349998,627800,0.415055163
2016-09-26,43.119999,43.470001,42.900002,43.200001,43.200001,423000,0.838054093
2016-09-29,43.009998,44.119999,42.630001,42.959999,42.959999,665900,0.803824786
2016-10-21,42.720001,43.669998,42.720001,43.48,43.48,330600,0.053606417
2016-10-24,43.75,44.240002,43.549999,43.860001,43.860001,331300,0.008461118
2016-11-01,41.310001,41.889999,40.689999,40.779999,40.779999,937100,0.145213029
2016-11-04,40.18,40.669998,38.970001,39.150002,39.150002,935700,0.483855365
2016-11-07,40.470001,40.470001,39.540001,40.150002,40.150002,824800,0.016535137
2016-11-09,39.790001,41.130001,39.529999,40.580002,40.580002,1086100,0.146533648
2016-11-10,40.73,41.540001,39.5,40.09,40.09,939400,0.632459132
2016-11-11,39.880001,40.049999,38.919998,39.66,39.66,891400,0.614314322
2016-11-14,39.950001,39.950001,37.740002,37.900002,37.900002,1178700,0.908017338
2016-11-15,37.98,40.360001,37.900002,39.919998,39.919998,941500,0.333645671
2016-11-25,43.459999,43.674999,43.049999,43.27,43.27,207100,0.957982661
2016-12-05,39.470001,41.23,39.470001,40.57,40.57,889900,0.596034373
2016-12-07,41.169998,41.209999,40.049999,40.720001,40.720001,535200,0.926748566
2016-12-08,41.09,42.985001,40.539001,42.630001,42.630001,1115400,0.195717063
2016-12-09,43,43.669998,41.779999,42.220001,42.220001,713100,0.469663358
2017-01-04,43.259998,44.419998,42.849998,44.139999,44.139999,848100,0.539702452
2017-01-06,47.360001,47.650002,45.700001,46.900002,46.900002,2061300,0.322778488
2017-01-13,48.580002,49.43,48.02,48.099998,48.099998,1054200,0.66212459
2017-01-18,49.66,50,49.040001,49.98,49.98,845700,0.033195307
2017-01-19,50.119999,51.130001,49.900002,50.66,50.66,1000300,0.617584338
2017-01-20,50.77,51.369999,49.870998,50.09,50.09,916300,0.01334358
2017-01-24,49.860001,50,48.93,49.419998,49.419998,852300,0.811521623
2017-01-26,51.810001,52,50.650002,51.009998,51.009998,837100,0.818459739
2017-01-27,51,51.639999,51,51.540001,51.540001,532300,0.565260967
2017-02-01,51.639999,51.707001,50.619999,51.189999,51.189999,551900,0.607149745
2017-02-02,51.18,52.650002,51.040001,52.32,52.32,954800,0.563352344
2017-02-06,52.189999,52.740002,51.459999,52.68,52.68,421000,0.026964429
2017-02-07,52.990002,53.66,52.650002,53.130001,53.130001,680900,0.710346362
2017-02-09,53.75,55,53.75,54.610001,54.610001,900000,0.149571238
2017-02-15,54.869999,61.490002,54.299999,60.610001,60.610001,5696900,0.605903348
2017-02-22,63,63.799999,61.779999,63.59,63.59,1198400,0.547849501
2017-02-24,62.02,62.279999,60.591,61.75,61.75,1168400,0.042726591
2017-03-01,60.169998,60.169998,59.02,59.650002,59.650002,1101800,0.492323931
2017-03-03,59.639999,60.380001,59.119999,60.290001,60.290001,989300,0.00887885
2017-03-07,59.290001,60.66,59.200001,60.130001,60.130001,1083400,0.163534887
2017-03-13,64.379997,65.209999,63.959999,64.93,64.93,1003200,0.109511043
2017-03-14,64.620003,64.730003,63.52,63.830002,63.830002,701800,0.998802393
2017-03-20,67.360001,68.916,67.199997,68.860001,68.860001,1805900,0.642244828
2017-03-27,68.300003,70.75,67.330002,70.400002,70.400002,1620900,0.072492621
2017-03-29,72.779999,72.989998,70.800003,72.720001,72.720001,1565400,0.933077251
2017-03-30,72.690002,72.864998,68.720001,69.050003,69.050003,3092500,0.36610729
2017-03-31,67.860001,69.440002,67.050003,68.089996,68.089996,2664200,0.875942325
2017-04-05,68.849998,69.639999,67.730003,67.889999,67.889999,1013700,0.338791979
2017-04-06,67.910004,68.875,67.910004,68.519997,68.519997,840200,0.358582438
2017-04-07,68.580002,68.982002,68.279999,68.709999,68.709999,475000,0.445304185
2017-04-11,69.120003,69.699997,67.449997,69.059998,69.059998,965900,0.429371841
2017-04-25,76.029999,76.760002,74.459999,76.650002,76.650002,1765000,0.721060258
2017-05-01,75.699997,77.779999,74.82,77.260002,77.260002,2513400,0.898048301
2017-05-04,82.93,82.93,81.040001,81.349998,81.349998,1398100,0.984122337
2017-05-15,94.440002,95.879997,93.510002,94.239998,94.239998,2327200,0.898106615
2017-05-16,94.959999,95.849998,92.599998,94.93,94.93,2276700,0.51486986
2017-05-23,90.860001,91.25,89.629997,90.019997,90.019997,1991300,0.471882524
2017-05-24,90.190002,91.5,90.07,90.809998,90.809998,1243100,0.806341606
2017-05-30,91.099998,93.239998,89.690002,90.57,90.57,1970300,0.356327157
2017-06-05,98.349998,99.379997,96.110001,97.480003,97.480003,2128300,0.054986907
2017-06-08,97.279999,98.860001,95.639999,98.839996,98.839996,1401200,0.228549273
2017-06-13,87.389999,90.559998,84.475998,86.93,86.93,3955500,0.099694025
2017-06-14,87.470001,88.199997,84.43,85.360001,85.360001,2123600,0.804837203
2017-06-19,88.279999,90.839996,87.790001,90.559998,90.559998,2183500,0.436129418
2017-06-22,91.32,92.110001,90.269997,91.370003,91.370003,1013300,0.451911072
2017-06-27,91.239998,92.199997,86.800003,87.040001,87.040001,2175900,0.097573648
2017-07-05,85.629997,89.470001,85.580002,88.110001,88.110001,1783800,0.084268099
2017-07-13,95.739998,96.800003,92.510002,93.019997,93.019997,1790000,0.102193455
2017-07-14,93.830002,93.889999,91.699997,92.410004,92.410004,1021700,0.927389423
2017-07-18,91.290001,93.903,90.110001,93.18,93.18,1432400,0.577976476
2017-07-20,92.43,92.830002,90.190002,90.870003,90.870003,961500,0.634249294
2017-07-27,94.699997,95.5,88.639999,90.43,90.43,2221000,0.986399159
2017-08-02,104.5,104.540001,97.290001,98.349998,98.349998,4507800,0.62869524
2017-08-04,97.32,98.440002,96.029999,96.279999,96.279999,1479200,0.210759863
2017-08-07,96.449997,99.099998,96.43,97.790001,97.790001,1077600,0.17700972
2017-08-10,94.480003,94.480003,88.209999,88.400002,88.400002,3396600,0.155665352
2017-08-16,93.629997,94.870003,93.010002,94.610001,94.610001,750000,0.856918056
2017-08-18,93.57,95.148003,93.021004,94.580002,94.580002,988600,0.227753342
2017-08-23,97.82,102.800003,97.139999,102.459999,102.459999,2374300,0.07237722
2017-08-24,102.900002,106.900002,102.75,106.529999,106.529999,3377800,0.204246365
2017-08-29,101.699997,105,101.330002,104.370003,104.370003,1137200,0.11664023
2017-08-31,109.260002,111.57,108.309998,110.919998,110.919998,1604300,0.411350078
2017-09-01,111.809998,112,109.860001,110.860001,110.860001,1022200,0.562201946
2017-09-06,110.900002,111.940002,108.75,110.220001,110.220001,1140300,0.486674791
2017-09-07,110.470001,113.529999,110.139999,113.459999,113.459999,1138500,0.286757683
2017-09-08,113.290001,114.879997,112.400002,113.610001,113.610001,924500,0.398466485
2017-09-11,115.440002,118.603996,114.900002,117.989998,117.989998,1428800,0.489709223
2017-09-20,122.82,123.629997,117.400002,119.290001,119.290001,1828400,0.307659598
2017-09-21,118.860001,120.837997,116.260002,120.150002,120.150002,1290200,0.579468934
2017-09-26,116.099998,117.709999,111.879997,113.379997,113.379997,1807000,0.982643857
2017-09-28,117.519997,117.68,115.120003,116.449997,116.449997,889100,0.873556839
2017-10-04,116.830002,116.93,100.75,103.300003,103.300003,20895900,0.794181644
2017-10-09,96.519997,98.489998,96.040001,97.379997,97.379997,2968000,0.324482158
2017-10-11,91.910004,96.669998,91.900002,95.019997,95.019997,6215000,0.02169677
2017-10-16,94.5,97.211998,93.339996,96.980003,96.980003,2952400,0.717674929
2017-10-17,97,97.510002,95.400002,96.209999,96.209999,2475400,0.173588578
2017-10-20,98.599998,102.5,98.550003,102.099998,102.099998,3293000,0.803496979
2017-10-23,103.089996,104.139999,101.400002,102.910004,102.910004,2429200,0.469679551
2017-10-25,107.25,108.529999,100.700996,102.989998,102.989998,4140500,0.458596312
2017-10-26,103.010002,105.5,102.720001,104.110001,104.110001,1566800,0.869414867
2017-10-27,106.690002,108,105.199997,107.269997,107.269997,2341800,0.027355072
2017-10-30,108.290001,109.449997,105.169998,109.360001,109.360001,3249700,0.599051884
2017-11-01,99.739998,100.5,95,96.199997,96.199997,5505100,0.929208998
2017-11-09,98.370003,98.650002,95.550003,97.029999,97.029999,1680300,0.197760261
2017-11-13,99.019997,99.25,97.769997,98.769997,98.769997,1046000,0.787898827
2017-11-21,110.029999,112.379997,109.650002,110.169998,110.169998,1905500,0.161390164
2017-11-30,105.610001,105.815002,103.150002,103.82,103.82,1160100,0.121137938
2017-12-04,105.269997,105.269997,96.190002,96.620003,96.620003,2740800,0.110083979
2017-12-07,96.519997,99.970001,96.108002,99.790001,99.790001,1599200,0.056192913
2017-12-12,101.5,104,100.5,101.400002,101.400002,1083700,0.712519246
2017-12-13,101.879997,104.220001,101.860001,103.209999,103.209999,932900,0.542998089
2017-12-26,102.410004,105.389999,101.550003,104.839996,104.839996,403700,0.783605517
2017-12-27,104.830002,105.199997,103.32,104.5,104.5,478200,0.610412047
2018-01-02,101.589996,105.720001,101.019997,105.489998,105.489998,1394500,0.489079987
2018-01-04,108.330002,110.059998,107.209999,109.949997,109.949997,1161000,0.104953549
2018-01-05,110.550003,111.769997,109.019997,110.580002,110.580002,771000,0.510093402
2018-01-08,109.989998,112.690002,109.989998,112.349998,112.349998,748700,0.986777144
2018-01-09,112.349998,113.669998,109.730003,110.730003,110.730003,744100,0.840838237
2018-01-10,109.699997,111.459999,109,111,111,667800,0.078524366
2018-01-11,111.07,111.75,110.5,111.129997,111.129997,639500,0.727539414
2018-01-19,115.099998,115.809998,114.599998,115.480003,115.480003,692900,0.826810028
2018-01-23,119.709999,120.059998,115.800003,118.690002,118.690002,1135000,0.725185508
2018-01-24,119.75,121.949997,118.25,119.669998,119.669998,1023800,0.750153891
2018-01-26,126.360001,130.470001,124,129.070007,129.070007,2037400,0.379842258
2018-01-29,129.699997,129.970001,125.220001,127.300003,127.300003,1721500,0.096614742
2018-01-30,121.699997,125.830002,119.089996,124.209999,124.209999,1737900,0.210152922
2018-01-31,126.120003,128.589996,125.580002,127.919998,127.919998,1217500,0.066085063
2018-02-01,127.029999,131.158997,125.699997,126.279999,126.279999,1168100,0.375848301
2018-02-06,113.809998,122.699997,112.059998,122.139999,122.139999,2705900,0.962451207
2018-02-07,122.75,127.699997,121.410004,123.339996,123.339996,1696000,0.000846818
2018-02-08,124.5,127.07,118.5,118.510002,118.510002,2102300,0.777025438
2018-02-12,123.300003,128.949997,122.174004,127.940002,127.940002,2702900,0.066282377
2018-02-13,127.75,130.419998,125.129997,126.059998,126.059998,1987800,0.400712994
2018-02-14,125.099998,138.160004,125.019997,137.559998,137.559998,4236800,0.601537209
2018-02-16,135.490005,138.660004,134.110001,137.529999,137.529999,2230900,0.147893419
2018-02-26,137.520004,138.320007,135.139999,136.270004,136.270004,1462600,0.06076561
2018-03-02,135,137.5,134.470001,136.75,136.75,1178200,0.492637453
2018-03-05,135.169998,139.850006,134,139.289993,139.289993,2027000,0.221717907
2018-03-07,139.949997,144.440002,139,143.679993,143.679993,1486300,0.25638953
2018-03-09,149.419998,150.470001,147.619995,149.160004,149.160004,1418700,0.086925329
2018-03-12,149.729996,150.149994,147.380005,148.149994,148.149994,790900,0.034993877
2018-03-16,147.210007,148.139999,145.360001,147.220001,147.220001,639600,0.080773379
2018-03-19,145.899994,148.190002,142.929993,145.619995,145.619995,1017600,0.20910106
2018-03-28,127.5,127.75,120.68,121.599998,121.599998,3657500,0.727896251
2018-03-29,120.900002,126.279999,118.57,124.589996,124.589996,2966600,0.729374153
2018-04-02,124.709999,127.5,120.300003,122.080002,122.080002,1843400,0.86618018
2018-04-05,123.75,125.519997,119.599998,120.139999,120.139999,1239900,0.035257097
2018-04-09,119.150002,123.709999,118.099998,118.949997,118.949997,1788600,0.681973897
2018-04-11,121.989998,124.199997,119.360001,119.529999,119.529999,1203200,0.061564269
2018-04-12,120.559998,121.249001,119.129997,120.75,120.75,1997800,0.585687737
2018-04-19,126.120003,129.580002,125.574997,126.669998,126.669998,1356600,0.076590495
2018-05-09,144,146.475006,143,146.100006,146.100006,1534200,0.398904747
2018-05-10,146.399994,146.970001,145.710007,146.229996,146.229996,1162200,0.419279158
2018-05-14,145.300003,148.289993,142.229996,142.639999,142.639999,1479500,0.39802294
2018-05-15,145.300003,145.300003,137.630005,142.5,142.5,1140700,0.273436772
2018-05-16,143.020004,144.630005,142.110001,142.279999,142.279999,713300,0.425476109
2018-05-17,142.220001,146.617996,141.899994,146.100006,146.100006,1440200,0.230569868
2018-05-22,140.699997,142.990005,137.309998,138.75,138.75,2760500,0.714819522
2018-05-23,138,141.25,137.5,140.830002,140.830002,997200,0.173458941
2018-05-29,143.320007,145.320007,141.800003,143.289993,143.289993,857400,0.013144446
2018-06-01,149.5,151.654999,147.539993,150.800003,150.800003,1307800,0.74944233
2018-06-04,151.929993,157.860001,151.75,156.910004,156.910004,1622400,0.693469995
2018-06-06,162.050003,165.770004,160.259995,165.360001,165.360001,1399600,0.018024792
2018-06-08,159.550003,163.830002,158.5,162.809998,162.809998,1056900,0.15432428
2018-06-11,163.199997,164.904007,160.029999,160.240005,160.240005,1079400,0.468269045
2018-06-13,165,171.130005,163.809998,165.089996,165.089996,2156000,0.291709362
2018-06-15,166.649994,169.358002,164.649994,168.440002,168.440002,841700,0.511242286
2018-06-21,173.479996,173.841003,164.350006,164.539993,164.539993,1764300,0.194133273
2018-06-22,166.520004,166.679993,160.070007,162.529999,162.529999,1232900,0.869102249
2018-06-25,160,160,151.050003,153.210007,153.210007,2180800,0.292848423
2018-06-29,147.820007,149.947998,145.350006,145.889999,145.889999,1205000,0.334297409
2018-07-05,153.149994,153.770004,149.960007,152.679993,152.679993,914900,0.282443234
2018-07-06,152.910004,157.339996,152,156.809998,156.809998,1073800,0.39138635
2018-07-09,158.789993,160.399994,154.240005,158.449997,158.449997,997000,0.247330534
2018-07-10,158.619995,160.365005,157.809998,158.979996,158.979996,776500,0.438511999
2018-07-13,167.720001,168.115005,163.740005,166.179993,166.179993,877100,0.477042005
2018-07-16,166.130005,169.399994,164.800003,165.350006,165.350006,1262300,0.019987006
2018-07-18,169.25,171.479996,167.031006,170.479996,170.479996,851600,0.12818518
2018-07-19,170,172.100006,168.179993,171.75,171.75,829100,0.206412412
2018-07-23,171.949997,174.132004,169,173.259995,173.259995,839700,0.350645629
2018-07-24,174.839996,176.598999,166.630005,168.339996,168.339996,1541500,0.866574568
2018-07-27,172.350006,172.350006,159.259995,160.149994,160.149994,2102000,0.43505773
2018-08-01,138.679993,140.218994,134.889999,136.360001,136.360001,2405200,0.259412145
2018-08-06,141.910004,142.410004,138,142.039993,142.039993,1196400,0.043931324
2018-08-07,143.149994,146.639008,141.169998,141.679993,141.679993,1013000,0.798822775
2018-08-09,142.210007,147.139999,142.199997,146.440002,146.440002,875200,0.221889209
2018-08-10,145.089996,151.179993,144.149994,149.220001,149.220001,1321600,0.524859049
2018-08-14,144.199997,145.740005,141.550003,144.380005,144.380005,1228400,0.612209098
2018-08-21,135.119995,137.779999,133.259995,133.440002,133.440002,1425400,0.356429379
2018-08-22,132.339996,138.5,132.339996,137.630005,137.630005,1265200,0.409114044
2018-08-23,138.039993,140.910004,137.050003,137.490005,137.490005,1042000,0.655629846
2018-08-24,139.600006,141.5,138.470993,140.580002,140.580002,1213100,0.872075378
2018-08-29,145.389999,146.5,143.770004,145.149994,145.149994,936700,0.472579127
2018-08-30,144.600006,146.483994,143.281006,144.809998,144.809998,812300,0.453679083
2018-09-04,146.100006,146.929993,143.610001,146.339996,146.339996,912100,0.401270221
2018-09-05,143.669998,144.125,136.5,139.970001,139.970001,2362300,0.18500635
2018-09-11,141.5,148.029999,140.391006,147.759995,147.759995,1320500,0.780433651
2018-09-12,147.759995,153.770004,146.220001,153.130005,153.130005,1711200,0.391520949
2018-09-13,154,158.5,153.949997,155.5,155.5,1259800,0.090090302
2018-09-17,157.919998,159.429993,153.449997,153.630005,153.630005,1654200,0.089225822
2018-10-03,157.509995,162.360001,157.190002,160.199997,160.199997,909500,0.70491698
2018-10-05,149.089996,151.410004,141.070007,145.600006,145.600006,1691300,0.557872031
2018-10-10,139.639999,139.951004,128.009995,130.100006,130.100006,2686300,0.339528251
2018-10-12,135.160004,136.970001,130.25,135.199997,135.199997,2034600,0.511229763
2018-10-15,134.990005,137,132.089996,135.699997,135.699997,1114200,0.369761015
2018-10-16,138.679993,146.070007,138.410004,145.830002,145.830002,1391100,0.97110058
2018-10-25,131.360001,138.339996,128.5,136.990005,136.990005,4484700,0.50179708
2018-10-29,136.830002,137.679993,125.080002,128.5,128.5,2156100,0.930734113
2018-11-01,138.770004,145.089996,135.669998,144.350006,144.350006,1796500,0.071890747
2018-11-02,144.350006,148.919998,142.259995,145.550003,145.550003,1947600,0.946692814
2018-11-05,143.949997,145,139.759995,141.029999,141.029999,1222500,0.574153143
2018-11-07,144.130005,149.5,143.139999,148.190002,148.190002,1528700,0.876343597
2018-11-09,147.289993,147.289993,138.600006,140.899994,140.899994,1726700,0.37833788
2018-11-12,139.289993,139.309998,130.899994,135.539993,135.539993,1687000,0.534776664
2018-11-26,137.880005,144.520004,137.479996,144.440002,144.440002,1581400,0.415351416
2018-11-27,142,146.899994,141.789993,144.470001,144.470001,1056100,0.798067147
2018-11-29,150,151.460007,146.251007,149.039993,149.039993,1133500,0.870765105
2018-12-07,156.979996,159.899994,145.199997,146.880005,146.880005,1636400,0.418182133
2018-12-10,146.070007,151.589996,143.910004,151.5,151.5,1247500,0.235984328
2018-12-11,154.960007,158.830002,153.110001,154.669998,154.669998,1530800,0.869770505
2018-12-13,160.979996,164.130005,159.490005,161.059998,161.059998,1238700,0.118275463
2018-12-28,134.119995,136.130005,129.419998,133.460007,133.460007,1376500,0.563374117
2019-01-02,134,139.139999,131.169998,137.600006,137.600006,1232600,0.721740701
2019-01-04,134.509995,139.5,133.160004,138.059998,138.059998,1366100,0.416078546
2019-01-08,147.639999,149.820007,144.009995,145.440002,145.440002,1367700,0.09744276
2019-01-09,146.5,150.330002,144.399994,148.619995,148.619995,1275700,0.515124894
2019-01-11,147.309998,150,146.710007,149.429993,149.429993,685300,0.675460389
2019-01-14,147.270004,149.929993,144.690002,149.100006,149.100006,1455200,0.275396032
2019-01-15,149.589996,155.539993,149.589996,154.300003,154.300003,1638200,0.355043106
2019-01-18,160,160.229996,157.690002,158.429993,158.429993,1142900,0.376441766
2019-01-28,159.679993,161.182007,158.380005,159.440002,159.440002,807200,0.719292373
2019-01-29,160,160.5,154.520004,157.110001,157.110001,1040900,0.128909528
2019-01-30,159.970001,162.979996,158,162.429993,162.429993,712400,0.155803652
2019-01-31,162.470001,169.600006,161.919998,168.470001,168.470001,1661600,0.575672907
2019-02-04,170.619995,174.649994,170.259995,173.550003,173.550003,1172000,0.695753659
2019-02-08,170.220001,176.990005,169.600006,175.949997,175.949997,979500,0.543072917
2019-02-13,178.190002,180,171.039993,172.020004,172.020004,2982700,0.820408425
2019-02-25,185.820007,188.759995,184.479996,187.5,187.5,1271600,0.203285934
2019-03-05,186.570007,189.160004,184.350006,187.5,187.5,1005800,0.995248067
2019-03-06,187.5,188.770004,184.110001,187.369995,187.369995,723800,0.28824433
2019-03-12,201,203.789993,197.050003,202.470001,202.470001,1328700,0.859233018
2019-03-13,203.5,206.949997,202.360001,205.509995,205.509995,1177500,0.918903188
2019-03-14,204.320007,209.589996,203.389999,208.229996,208.229996,1219000,0.183497238
2019-03-19,207.699997,208,197.653,202.089996,202.089996,2215400,0.786647315
2019-03-22,204.399994,204.690002,198.610001,198.75,198.75,1530100,0.610703914
2019-04-03,201.979996,205.800003,198.889999,205.119995,205.119995,2011000,0.599527255
2019-04-25,220.690002,222.190002,216.619995,218.970001,218.970001,1667300,0.07973689
2019-05-07,264.359985,266.5,254.699997,258.690002,258.690002,2589400,0.4391649
2019-05-10,260.429993,262.98999,252.639999,258.829987,258.829987,1674900,0.783185999
2019-05-13,247.910004,253.063004,245.619995,250.789993,250.789993,1938800,0.131730543
2019-05-15,250.610001,265.420013,250.039993,264.160004,264.160004,1931600,0.934427035
2019-05-20,270.029999,273,264.73999,267.190002,267.190002,1856100,0.858854833
2019-05-21,272.040009,273.597992,269.51001,272.809998,272.809998,1110400,0.122489137
2019-05-22,271.709991,280.950012,271.390015,279,279,1252000,0.021083915
2019-05-23,275,277.980011,268,271.619995,271.619995,1530300,0.094173508
2019-05-28,278.350006,285.959991,278.299988,282.429993,282.429993,1538900,0.051407405
2019-05-31,273.359985,278.970001,272.160004,274.899994,274.899994,1087800,0.682649558
2019-06-06,291.839996,299.109985,289.01001,297.059998,297.059998,1867300,0.514266833
2019-06-14,305.410004,306.420013,301.940002,305.109985,305.109985,751000,0.276598294
2019-06-17,304.450012,307.880005,303.049988,305.850006,305.850006,703500,0.034468726
2019-06-18,310,311.380005,303.73999,304.209991,304.209991,1104900,0.064925794
2019-06-27,290.5,302.440002,289.5,300.959991,300.959991,1814500,0.156352601
2019-07-03,310.890015,318.339996,310.279999,313.329987,313.329987,966400,0.515162727
2019-07-15,309.940002,324.290009,306.016998,324.019989,324.019989,1841300,0.782681518
2019-07-16,323.660004,324.799988,315.869995,317.390015,317.390015,1336900,0.579980895
2019-07-18,325.75,333.26001,322.609985,331.149994,331.149994,1678500,0.417236629
2019-07-23,337,338.959991,328.600006,330.220001,330.220001,1664100,0.11588494
2019-07-24,330.51001,331.825989,324.109985,329.570007,329.570007,1888900,0.796902571
2019-07-25,330.910004,338.73999,327.746002,333.339996,333.339996,1498400,0.535565342
2019-07-26,332.940002,338.970001,332.320007,336.540009,336.540009,1120200,0.246113737
2019-08-02,341.230011,341.230011,322.670013,332.190002,332.190002,1980600,0.908219585
2019-08-05,313.869995,327.5,313.390015,321.390015,321.390015,2391300,0.955369197
2019-08-06,327.410004,333.380005,324.399994,332.670013,332.670013,1772600,0.95929762
2019-08-07,330.079987,342.829987,328.529999,341.309998,341.309998,1767900,0.797368098
2019-08-09,354.5,371.630005,354.25,369.950012,369.950012,2361400,0.515621146
2019-08-12,367,372.359985,361.25,366.730011,366.730011,1705800,0.189074551
2019-08-15,355,359.5,347.679993,351.070007,351.070007,1582200,0.512300891
2019-08-28,406.369995,407.880005,390.820007,394.799988,394.799988,2743600,0.502974733
2019-09-04,389.700012,391.48999,382.5,386.48999,386.48999,1339900,0.655489378
2019-09-06,393.48999,395.75,380.140015,380.420013,380.420013,1723700,0.322730986
2019-09-09,384.019989,384.019989,350.325012,358.670013,358.670013,4518100,0.288079657
2019-09-10,352.5,355.309998,335.089996,337.23999,337.23999,5254600,0.824066814
2019-09-11,338.399994,350.700012,336.100006,347.51001,347.51001,3215200,0.788844852
2019-09-16,328.51001,343.450012,324.51001,337.929993,337.929993,2855300,0.45824433
2019-09-17,324.589996,334.730011,323.429993,328.820007,328.820007,5533500,0.876874051
2019-09-19,328.339996,331.850006,321.220001,325,325,1766900,0.357315032
2019-09-20,324.98999,330.899994,312,318.820007,318.820007,2783200,0.862788794
2019-09-24,313.559998,315.839996,287.570007,295.470001,295.470001,5263400,0.812732444
2019-09-26,314.820007,316.190002,302.359985,313.140015,313.140015,2935900,0.814930584
2019-10-17,326.5,333.920013,324,331.339996,331.339996,1684300,0.98190281
2019-10-18,332,335,312.130005,314.339996,314.339996,2657600,0.515025615
2019-10-22,323.5,326.799988,295.299988,299.690002,299.690002,3090400,0.634912596
2019-10-24,301.959991,324.23999,301.029999,323.339996,323.339996,3133500,0.405870197
2019-10-25,316.720001,321.359985,309.119995,317.450012,317.450012,2241600,0.323073354
2019-10-29,306,321.880005,298.640015,312.519989,312.519989,5351800,0.326171127
2019-11-01,316.25,322.079987,312.869995,316.76001,316.76001,1600500,0.583359447
2019-11-05,308.089996,309.049988,294.462006,295.5,295.5,2806000,0.701610782
2019-11-08,282.079987,298.809998,282.079987,297.640015,297.640015,2467200,0.688674976
2019-11-11,296.040009,305.200012,293.459991,303.320007,303.320007,1747800,0.090997162
2019-11-14,314.320007,319.890015,309.355011,312.450012,312.450012,1653500,0.975990342
2019-11-18,312.730011,325.829987,310.350006,322.980011,322.980011,1743500,0.041343787
2019-11-20,314.380005,325.118011,312,317.049988,317.049988,1656900,0.155574703
2019-11-21,317.5,321.980011,314.200012,316.070007,316.070007,1353100,0.860286473
2019-11-22,318.76001,320,309.733002,314.519989,314.519989,1116300,0.974854873
2019-11-25,315.089996,318.73999,312.320007,317.070007,317.070007,1371800,0.475780067
2019-11-26,317.940002,337.170013,317.079987,336.190002,336.190002,2876600,0.034291299
2019-11-27,337.51001,342.649994,330.079987,341,341,2413600,0.559549277
2019-12-02,336,336,311.532013,330.839996,330.839996,2970200,0.573748539
2019-12-03,321.01001,351.309998,320,350.660004,350.660004,3269800,0.777303072
2019-12-05,371.029999,376.589996,360.26001,363.589996,363.589996,3242200,0.014669041
2019-12-06,367.799988,372.290009,360.75,364.600006,364.600006,2198700,0.048744319
2019-12-11,368.410004,374.5,365.51001,373.079987,373.079987,1837900,0.450005651
2019-12-12,372,376.299988,364.910004,372.049988,372.049988,2171400,0.172990589
2019-12-16,389.73999,396.670013,383,393.630005,393.630005,2621700,0.524185069
2019-12-23,392.869995,398.709991,388.029999,389.130005,389.130005,1429000,0.905526806
2019-12-26,402.76001,416.600006,402.399994,408.75,408.75,2349800,0.538980402
2020-01-06,398.589996,413.519989,395.420013,413.329987,413.329987,1686000,0.080904047
2020-01-07,415.75,422.480011,410.119995,414.5,414.5,1552900,0.964168293
2020-01-13,434.98999,446.744995,433.75,440.25,440.25,1999800,0.88197297
2020-01-15,441.920013,453,441.220001,448.51001,448.51001,1632900,0.784792991
2020-01-16,452.73999,453.779999,446.640015,451.299988,451.299988,1466900,0.913039328
2020-01-17,452.730011,458.910004,452,454.880005,454.880005,1869200,0.337461916
2020-01-23,464.769989,473,460,469.25,469.25,2445000,0.18551365
2020-01-28,453.5,468.670013,451.100006,467.660004,467.660004,1536100,0.177002468
2020-01-30,470.5,478.149994,464.660004,476.880005,476.880005,1507100,0.067327675
2020-02-03,468.25,474.880005,457.25,469.390015,469.390015,1850700,0.283464149
2020-02-06,473.160004,475.730011,462.5,472.980011,472.980011,1673200,0.133778072
2020-02-11,494.070007,499.880005,489.109985,492.75,492.75,2693000,0.848620377
2020-02-12,568.900024,593.890015,529,531.25,531.25,9779400,0.764322296
2020-02-18,534,548.880005,532,536.409973,536.409973,2446400,0.552933726
2020-02-21,531.23999,534.599976,511.609985,520.659973,520.659973,1925800,0.949345584
2020-02-26,459.25,484,459.040009,471.179993,471.179993,2532000,0.559457413
2020-02-27,452.279999,467.933014,427.934998,438.369995,438.369995,3716800,0.954624761
2020-03-10,445,450.5,420.630005,450.339996,450.339996,2864100,0.937494819
2020-03-11,435.25,442,406.329987,422.309998,422.309998,2812600,0.729012935
2020-03-23,346.540009,384.179993,335.119995,375.390015,375.390015,3650900,0.52473397
2020-03-27,427.609985,433.359985,412.019989,421.619995,421.619995,2569300,0.67577255
2020-03-30,423.48999,434.890015,412.010986,430.380005,430.380005,1598800,0.204453626
2020-04-01,402.98999,406,381.529999,384.670013,384.670013,2272700,0.665199193
2020-04-13,423.700012,453.351013,417.809998,447.450012,447.450012,3120200,0.880578936
2020-04-16,508.5,529.130005,502.01001,526.429993,526.429993,3704900,0.379071676
2020-04-20,585,644.950012,584,629.900024,629.900024,6830500,0.169161145
2020-04-22,615.98999,635,603.200012,626.559998,626.559998,5024100,0.935062893
2020-04-27,662.599976,662.599976,623.039978,628.580017,628.580017,4030000,0.997808072
2020-04-30,625,645.97998,623,632.289978,632.289978,2446000,0.462341881
2020-05-20,768,778,751.73999,778,778,3239000,0.771338158
2020-05-22,804.630005,826.380005,793.640015,825.169983,825.169983,2773600,0.359232653
2020-05-27,755.01001,757,685,750,750,6859600,0.786690798
2020-05-28,728.01001,770.400024,727.825012,744.429993,744.429993,3753000,0.831337153
2020-05-29,756.150024,769.390015,738,757.799988,757.799988,3302600,0.266001834
2020-06-04,763.909973,777.219971,726.034973,735.190002,735.190002,2767200,0.809341751
2020-06-05,721.099976,740.859985,702.02002,727.77002,727.77002,2477300,0.895013787
2020-06-16,809,816.780029,787.5,805.76001,805.76001,2638800,0.250684814
2020-06-25,886.559998,917.599976,873.244995,916.320007,916.320007,2419200,0.935858292
2020-06-26,916,927.044983,894,910,910,2720800,0.657963306
2020-06-29,913.98999,923,876.429993,922.419983,922.419983,2740500,0.181107641
2020-06-30,925.5,958.76001,922,949.200012,949.200012,2749100,0.163667487
2020-07-02,1034.98999,1059.439941,1022,1029.969971,1029.969971,3459400,0.969290276
2020-07-16,942.01001,952.820984,915.400024,925.48999,925.48999,2086100,0.622377182
2020-07-17,932.200012,940.969971,906.049988,928.130005,928.130005,2039800,0.226445813
2020-07-27,947.570007,977.460022,935.140015,976.390015,976.390015,2689900,0.409040391
2020-07-29,1107.380005,1107.920044,1038,1053.589966,1053.589966,6492300,0.837745789
2020-07-31,1065,1067.677002,1012.109985,1024,1024,2332500,0.825627486
2020-08-04,1074.01001,1082.878052,1054,1080,1080,1618400,0.178788429
2020-08-06,1093.300049,1099.709961,1068.756958,1088.130005,1088.130005,1287200,0.173401003
2020-08-11,999.590027,1015,964.73999,971.98999,971.98999,2270900,0.229269196
2020-08-14,1002.299988,1007,978.5,987.900024,987.900024,1599100,0.385860191
2020-08-20,1004.099976,1043.599976,999.189026,1039.619995,1039.619995,1332400,0.706286519
2020-08-27,1081.77002,1089.329956,1049.329956,1053.5,1053.5,1553700,0.1315296
2020-08-28,1067.050049,1079.02002,1039.449951,1042.060059,1042.060059,1337500,0.141963235
2020-08-31,1048.51001,1073.920044,1035,1066.420044,1066.420044,1126400,0.275136426
2020-09-01,1075,1146.910034,1073.939941,1134.319946,1134.319946,2082700,0.625165265
2020-09-11,948,948,897.5,914.5,914.5,1642300,0.452400391
2020-09-15,931.830017,953,923,929.390015,929.390015,1833200,0.75561258
2020-09-16,938,939,884.539978,885.179993,885.179993,3632100,0.424605234
2020-09-17,858.859985,874.659973,839.400024,870.76001,870.76001,3758800,0.355236647
2020-09-18,883.98999,908.369995,866.846008,901.340027,901.340027,2437500,0.612870932
2020-09-24,909.549988,927,894.179993,908.609985,908.609985,1644100,0.944641342
2020-09-25,919.710022,961.25,911.190002,960.919983,960.919983,1980800,0.795945212
2020-09-28,970.01001,983.719971,951,966.5,966.5,1870900,0.080543431
2020-09-30,1037.689941,1043,1014.349976,1022.969971,1022.969971,1931300,0.269148899
2020-10-02,1020.5,1054,1017.01001,1028.98999,1028.98999,1328200,0.866264299
2020-10-06,1068,1082,1030.01001,1041.25,1041.25,1452400,0.565108473
2020-10-13,1095.98999,1109.885986,1086.36499,1106.589966,1106.589966,1121800,0.908086884
2020-10-14,1111,1114.329956,1066.589966,1082.119995,1082.119995,1199500,0.299389235
2020-10-16,1086.01001,1103.5,1063.810059,1067.209961,1067.209961,1061500,0.775800406
2020-10-19,1070.780029,1090.199951,1054.810059,1069,1069,975100,0.967794003
2020-10-21,1054.939941,1068.959961,1018.02002,1022.01001,1022.01001,994400,0.339048337
2020-10-22,1026.75,1033.915039,990.5,1007.070007,1007.070007,981400,0.022102216
2020-10-23,1001.5,1026.959961,996.27002,1026.219971,1026.219971,1033600,0.305759792
2020-10-26,1019,1044.387939,1008.059998,1038.050049,1038.050049,1413500,0.76894434
2020-10-28,1058.189941,1067.089966,1016.830017,1026.709961,1026.709961,1677400,0.69411706
2020-11-02,934.570007,954.286011,898.882019,914.98999,914.98999,1523400,0.787539065
2020-11-10,912,924,875,885.76001,885.76001,2936500,0.096047002
2020-11-12,946,954.789978,921.72998,925.799988,925.799988,1223000,0.530046481
2020-11-13,934.539978,936.909973,908.401001,918.299988,918.299988,867800,0.055529727
2020-11-16,890.109985,919.390015,880,919.219971,919.219971,1521700,0.914934627
2020-11-19,945.98999,981.5,937.27002,966.77002,966.77002,1898200,0.842969571
2020-11-23,988.5,989.690002,963.190002,980.01001,980.01001,1200700,0.701138747
2020-11-25,976.419983,1021.109985,975,1019.52002,1019.52002,1591700,0.423851686
2020-11-30,1045,1094.699951,1035,1090.380005,1090.380005,2604900,0.531552356
2020-12-09,1100,1102.939941,1028.420044,1038.189941,1038.189941,1430000,0.842669277
2020-12-11,1064.97998,1075,1038,1057.869995,1057.869995,738900,0.515323963
2020-12-16,1072.609985,1164.166016,1071.689941,1157.310059,1157.310059,3092700,0.363726558
2020-12-17,1163,1206.89502,1150.43103,1180,1180,2295100,0.691201777
2020-12-21,1164.97998,1205.189941,1145,1197.26001,1197.26001,1517300,0.910634373
2020-12-22,1203.949951,1285.185059,1200.165039,1277.079956,1277.079956,2499200,0.896662224
2020-12-23,1275,1276.219971,1197.400024,1197.959961,1197.959961,2128400,0.146369632
2020-12-28,1229.859985,1231.540039,1137.219971,1147.060059,1147.060059,1896300,0.287191289
2021-01-14,1228.98999,1230.099976,1170.650024,1178.859985,1178.859985,1183800,0.532304559
2021-01-21,1214,1216.25,1181,1198.150024,1198.150024,701100,0.163267228
2021-02-03,1235.349976,1246,1195.160034,1224.160034,1224.160034,1162900,0.629614729
